ID,Name,Average Score,Vendor,Category,Pre-Installed
1203664,100 Blocks,7.8,Bright Data,Oyunlar,N
4161,3 Cats,6.2,LG RUSSIA R&D Lab,Oyunlar,N
1245251,2048 Legend,6,Inlogic Software s.r.o.,Oyunlar,N
460874,2048 Maniac,6.7,Retinmount s.r.o.,Oyunlar,N
1226299,4 Matic Player,5.3,OTT ,Eğlence,N
951347, OkiDoKido,8.4,OKIDOKIDO LIMITED,Eğlence,N
1205826,67 Play,0,EiTV,Eğlence,N
1150405,007 Squirrel,8,tvgame.dev,Oyunlar,N
1203329,2023 Super Bowl Kicks,9,Klebo,Oyunlar,N
1230746,2024 Super Bowl Touchdown,8.2,Klebo,Oyunlar,N
1229613,12 TV Parma,6,Fluidstream,Eğlence,N
1231235,4 To Win,6,Desoline Inc.,Oyunlar,N
238734,4 in a ROW,7.1,NGINE NETWORKS,Oyunlar,N
1219916,360 studios,0,Gizmeon,Eğlence,N
1224053,!Go Marty Go!,7.1,Klebo,Oyunlar,N
1245285,!ron Tanks Battle,8.7,Klebo,Oyunlar,N
1224365,#1 Sky Combat,8.1,Omshy Inc.,Oyunlar,N
1234832,#1 Mine Sweeper Mania,10,Inlogic Software s.r.o.,Oyunlar,N
1235427,#1 Tokyo Drift,9,Omshy Inc.,Oyunlar,N
1237074,#1 Archery,7.3,Inlogic Software s.r.o.,Oyunlar,N
1241542,#2048: X2 Legend,5,Inlogic Software s.r.o.,Oyunlar,N
1205335,$1 Million Quiz,6.1,Klebo,Oyunlar,N
1238838,$Gold Tower Mania,10,Inlogic Software s.r.o.,Oyunlar,N
1235193,100% NL,0,Triple,Eğlence,N
288720,12+,6,Keshet Broadcasting Ltd.,Eğlence,N
230128,+700 Relaxing Channels - Calm Radio,7.4,Calm Radio,Eğlence,N
1228369,70-80 it,0,,Eğlence,N
1240283,2177: Galaxy Warriors,8.3,Inlogic Software s.r.o.,Oyunlar,N
1234550,2048: X2 Merge Blocks,10,Inlogic Software s.r.o.,Oyunlar,N
1131758,A+ Cinema,6,myCast TV,Eğlence,N
950161,AAJTAK,2,TV Today,Haber/Bilgi,N
1151015,ABE Player,7.3,Soft ltd,Eğlence,N
1152394,ABP LIVE NEWS CHANNEL,0,ABP Network,Haber/Bilgi,N
1222535,ABS Player,0,ABS Player,Eğlence,N
1227114,ACTVDigital Pro,0,ACTVDigital Pro,Eğlence,N
1015169,ADtv,0,Abu Dhabi media,Eğlence,N
1227896,AIScreen Digital Signage Player,0,AIScreen,Haber/Bilgi,N
1238581,ALA PLAY,0,EiTV,Eğlence,N
1231173,ALGHADTV,0,ALGHADTV,Eğlence,N
1248146,ALPHA SERVER,0,ALPHA SERVER,Eğlence,N
953672,ANTV,8.7,ANTV - African Network Television,Eğlence,N
1023038,APPUSERIES,8,myCast TV,Eğlence,N
1165805,APlusPlayer,8.7,4thdimensionpartners Private Limited,Eğlence,N
1119704,ARC Player,7.6,ARC Player,Eğlence,N
1060,ART PICTURE GALLERY,3.3,LG CNS,Oyunlar,N
1204514,ASAP Network,0,Castify.ai,Eğlence,N
1226558,ASMR Sand,8.7,Bright Data,Eğlence,N
1226699,ASMR Shortbread,0,Bright Data,Eğlence,N
1235572,ASTRO TV,0,ASTRO TV,Eğlence,N
458165,ATN LIVE,0,Ariana Television Network,Eğlence,N
1232385,AWS+,0,AWSPlus,Eğlence,N
1164062,AYNA,0,"International Computer Connections, Inc.",Eğlence,N
1234859,AZ Pro,0,AZ Pro,Eğlence,N
1112463,AZClear,9.1,Tech Delivery Consultoria,Oyunlar,N
468239,Aastha,8,Vedic Broadcasting Limited,Eğlence,N
1235198,Abba Play,10,EiTV,Eğitim,N
1226231,Abby ASMR,0,Bright Data,Yaşam,N
1246176,Abraham,0,Abraham,Eğlence,N
137160,Accuweather,5.6,AccuWeather,Haber/Bilgi,N
456564,AcikogretimSistemi1.0,3.9,Anadolu Üniversitesi,Eğitim,N
1237327,Act Box,2,Act Box,Eğlence,N
1219102,Actif,0,Actif,Yaşam,N
1241609,Action Moto,8,Inlogic Software s.r.o.,Oyunlar,N
1062698,Adnet Play,6,EiTV,Eğlence,N
1243883,Adorable Pets Screensaver,0,Bright Data,Eğlence,N
1242514,Adrenaline Racing,0,Inlogic Software s.r.o.,Oyunlar,N
1065556,Adria Telekom,0,Adria Telekom,Eğlence,N
1221408,Ads Screens,0,PRACSAC,Haber/Bilgi,N
1203653,AfghanTV Procast,10,Relentless Innovations LLC,Yaşam,N
1234946,Afroland TV,6,AFROLANDTV INC.,Eğlence,N
145,Agent Sudoku,3.6,UANGEL,Oyunlar,N
1177513,Agro Telecom Play,0,EiTV,Eğlence,N
1245747,Air IPTV Smarters,0,Air IPTV Smarters,Eğlence,N
1221361,Air Net Go,0,Air Net Go,Eğlence,N
116278,Air Traffic Control,6,HatColorSoft,Oyunlar,N
972135,AirBeamTV Screen Mirroring Receiver,3.6,AirBeamTV BV,Eğlence,N
1039887,Airtime,0,LGE,Eğlence,N
1220063,Akhand Bharat,0,Akhand Bharat,Eğlence,N
156231,Al Jazeera,6.3,Al Jazeera Media Network,Haber/Bilgi,N
1208591,Al Mashhad,0,Al Mashhad,Haber/Bilgi,N
1237995,Al-Dunya TV,0,Al-Dunya TV,Eğlence,N
968140,AlMamlaka TV,10,almamlakatv,Haber/Bilgi,N
1227390,Alaraby Plus,0,Fadaat Media Group,Eğlence,N
1229818,Alaraby TV,0,Al Araby TV,Haber/Bilgi,N
1231186,Alawal IPTV,0,ALAWAL IPTV,Eğlence,N
1232096,Alb-Kos,0,Alb Kos,Eğlence,N
1241624,Alema Play,0,EiTV,Eğlence,N
1074777,Alhurra Connect,6,U.S. Agency for Global Media,Haber/Bilgi,N
1238481,Alien Attack,7.6,Desoline Inc.,Oyunlar,N
1238478,Alien Landing,0,Desoline Inc.,Oyunlar,N
1029702,All Flamenco,2,DIGITAL,Eğlence,N
957550,All Relax 6 in 1,4.9,XSTAR,Yaşam,N
1155425,AllIPTVPlayer,5.4,Soft ltd,Eğlence,N
1209562,AllNet,2,AllNet Communications,Eğlence,N
466757,Allplay,0,Allplay,Eğlence,N
1134338,Almavision,6,Relentless Innovations LLC,Yaşam,N
957813,Almazan Kitchen,10,myCast TV,Yaşam,N
1235299,Almoosawi TV,0,Almoosawi TV,Yaşam,N
1227226,Aloula TV,0,WhitePeakSolutions,Eğlence,N
1241728,Alpha Direct Streaming,0,Alpha Direct Streaming,Eğlence,N
1226768,Alpha Play,0,Alpha Play,Eğlence,N
951002,AlphaOTT,2,AlphaOTT,Eğlence,N
1140147,Alsol Play,5,EiTV,Eğlence,N
1246718,Alternative solution,0,Alternative solution,Eğlence,N
1241814,Amazing Mahjong,10,Inlogic Software s.r.o.,Oyunlar,N
1229600,Amazing Places,0,Bright Data,Eğlence,N
1039712,Amazon,0,LGE,Eğlence,N
356847,Amazon Prime Video,10,Amazon,Eğlence,N
452782,Amazon Prime Video,5.8,Amazon,Eğlence,N
456792,Amazon Prime Video,0,Amazon,Eğlence,N
1058,Ambiance,3.9,LG CNS,Yaşam,N
1223205,America Nu Network,6,Radiant Technologies LLC,Eğlence,N
1227495,American Football Challenge,6,Omshy Inc.,Oyunlar,N
1207796,AmmanTV,0,AmmanTV,Eğlence,N
1236417,Anaconda,10,Bright Data,Oyunlar,N
359035,Analog Clock,5.1,XSTAR,Yaşam,N
1062653,AnandLiveTv,8,Cinesoft Pvt. Ltd.,Eğlence,N
998454,Angles,8.9,Deox,Oyunlar,N
2696,Angry Duckling,6.1,MINIGATE,Oyunlar,N
3977,Animal 21 Dice Trial,6.3,appsuxmodule,Oyunlar,N
1208327,Animal Hit,0,Busidol,Oyunlar,N
1208329,Animal Hit,0,Busidol,Oyunlar,N
1210393,Animal Hit,9.1,Busidol,Oyunlar,N
2692,Animal Pang Pang,6.2,MINIGATE,Oyunlar,N
1212930,Animal World,9.2,Klebo,Eğitim,N
1240175,Animania,0,Bright Data,Eğlence,N
1204885,Antarctica Screensaver,0,Bright Data,Eğlence,N
474089,AntenaPlay,6,SC Antena Group,Eğlence,N
1085618,Antik TV,6,ANTIK Technology,Eğlence,N
1238756,Any TV,0,OTT ,Eğlence,N
1166733,Apne Live TV,0,PrimeAsia Tv,Eğlence,N
1239733,Apocalypse Road,10,Inlogic Software s.r.o.,Oyunlar,N
1224520,App CTS Service,6,LGE,Eğitim,N
1039794,AppMembers,6.5,EiTV,Eğlence,N
1092273,Apple Music,8.3,Apple,Eğlence,N
990564,Apple TV,7.5,Apple,Eğlence,Y
1094361,Apple TV+,3.8,Apple,Eğlence,N
1230591,Apples,3.3,Bright Data,Oyunlar,N
1218707,Aqua Challenge,8,Omshy Inc.,Oyunlar,N
1244767,Aqua Clash,0,Desoline Inc.,Oyunlar,N
1245879,Aqua Maze,6,Desoline Inc.,Oyunlar,N
359041,Aqua Real 1,5.9,XSTAR,Yaşam,N
359033,Aqua Real 2,4.9,XSTAR,Yaşam,N
359043,Aquarium 3D,3.4,XSTAR,Yaşam,N
360819,Aquarium Online,5.4,XSTAR,Yaşam,N
361175,Aquarium Relax,5.2,XSTAR,Yaşam,N
1080847,Aquarium TV,7.3,Castify.ai,Eğlence,N
1188624,Aquarium With Relaxing Music,5.3,MlvFun,Yaşam,N
1100995,Arabia Live,6,Arabia Live,Eğlence,N
1229658,Arabian Sea,0,Arabian Sea,Eğlence,N
1215469,Arabisk Player,0,Arabisk Player,Eğlence,N
1209717,Arcade Darts,9.6,Desoline Inc.,Oyunlar,N
2871,ArcherCraft,3.5,LG RUSSIA R&D Lab,Oyunlar,N
284592,Archercraft,6.5,LG RUSSIA R&D Lab,Oyunlar,N
1234926,Arctic Pong,9.3,Inlogic Software s.r.o.,Oyunlar,N
1021294,Arena+,10,Arena+,Eğlence,N
1198607,Arirang TV,0,The Korea International Broadcasting Foundation,Haber/Bilgi,N
1228586,Aroma Player,0,Aroma Player,Eğlence,N
1018405,Around The World 4K,8.3,myCast TV,Yaşam,N
455499,Arpinet,6.3,Arpinet LLC,Eğlence,N
950223,ArtHola TV,10,Investek Ltd,Eğlence,N
1236183,ArtVisions Screensaver,0,Bright Data,Eğlence,N
465081,Artmotion,0,Artmotion,Eğlence,N
469669,Artı Dijital Medya,6.2,KanalW Medya ve Telekomünikasyon A.Ş.,Eğlence,N
1241604,Asphalt Fury,10,Inlogic Software s.r.o.,Oyunlar,N
1223954,Astrix Player,0,ASTRIX PLAYER,Eğlence,N
1125315,Atelco TV,0,EiTV,Eğlence,N
1229461,AtlantTV,0,Amber Media LLC,Eğlence,N
1177438,Auto Allstars,2,Castify.ai,Eğlence,N
1073474,Awaan App,4.7,Dubai Media Incorporated,Eğlence,N
243526,Awale,7.6,NGINE NETWORKS,Oyunlar,N
1140796,Ayn,0,Mangomolo,Eğlence,N
1229415,Azteca Noreste,0,Azteca Noreste,Haber/Bilgi,N
1222668,B2 Play,0,B2 Play,Eğlence,N
351175,BA Recipes - Enjoy cooking,5.7,tigermilk,Eğlence,N
1214817,BDTVs,0,BDTVs,Eğlence,N
1143309,BE,0,Earl G. Graves Publishing Co Inc,Yaşam,N
1234865,BEST TV,0,BEST TV,Eğlence,N
1075742,BGTV-ON,7.6,TVizio BG,Eğlence,N
1234692,BIG PLAYER TV,0,BIG PLAYER TV,Eğlence,N
1065372,BINGE TV,8,myCast TV,Eğlence,N
1158179,BLOOM Wellness Channel,0,Castify.ai,Eğlence,N
1236973,BMC,0,OTT ,Eğlence,N
1050162,BMTV,6,BrandMash technologies,Eğlence,N
1140697,BOB Player,7.6,bob ltd,Eğlence,N
1216290,BOB Pro,2,bob ltd,Eğlence,N
464107,BR Logic Pack,8.9,dreamerman,Oyunlar,N
1146798,BSvalue,0,Booshamedia,Eğlence,N
1243432,BTC STREAMING,0,BTC STREAMING,Eğlence,N
1099294,Baby Hazel Nursery Rhymes,6.9,Castify.ai,Eğlence,N
1227105,Baby Shark World for Kids,6.6,The Pinkfong Company,Eğitim,N
1231089,Baby Shark World for Kids,0,The Pinkfong Company,Eğitim,N
1224144,BabyTV - Preschool Toddler TV,6,BabyTV,Eğlence,N
1022172,Baita Conteúdo Play,8.7,EiTV,Eğlence,N
1034073,BakuTV,6.7,Baku.TV,Haber/Bilgi,N
141796,Balda,6.4,LG RUSSIA R&D Lab,Oyunlar,N
1237979,Balkan IPTV,0,Balkan IPTV,Eğlence,N
454203,BalkaniyumTV,5.4,"World Streamedia, Inc.",Eğlence,N
949930,Ball O Matic,7.4,Retinmount s.r.o.,Oyunlar,N
1213552,Balloon FRVR,8,FRVR Limited,Oyunlar,N
1225884,Balls Blocks,8.7,Desoline Inc.,Oyunlar,N
1120210,Bama-Q,0,Castify.ai,Eğlence,N
955120,Bang & Olufsen,0,Bang & Olufsen a/s,Yaşam,N
3392,Banker,6.2,LG RUSSIA R&D Lab,Oyunlar,N
1234292,Banovina,6,OTT ,Eğlence,N
1231664,Baptism,10,Baptism ,Eğlence,N
1230046,Baseball Master,6,Omshy Inc.,Oyunlar,N
1212520,Baseball Pro,8,Desoline Inc.,Oyunlar,N
1223903,Baseball World,0,Bright Data,Eğlence,N
1218496,Basketball Flick,6,Desoline Inc.,Oyunlar,N
1246300,Basketball Kings 2024,10,Inlogic Software s.r.o.,Oyunlar,N
1240303,Basketball Master,8.7,Inlogic Software s.r.o.,Oyunlar,N
1224358,Basketball World,0,Bright Data,Eğlence,N
1207398,Basquet Pass,0,Basquetpasstv,Eğlence,N
1247632,Bats Blitz,0,Desoline Inc.,Oyunlar,N
469993,Battle Of Jutland,6.7,Retinmount s.r.o.,Oyunlar,N
957979,Battle Of Jutland 2,7.3,Retinmount s.r.o.,Oyunlar,N
1162908,Battle Tanks,7.8,tvgame.dev,Oyunlar,N
1228011,Battleship War,8.7,Omshy Inc.,Oyunlar,N
1079013,Bay Iptv,7.7,setsystem,Eğlence,N
299501,Beanvasion,6.4,LG RUSSIA R&D Lab,Oyunlar,N
201840,Beat Defender free,5.9,IguanaBee,Oyunlar,N
1227129,Beauty TV,6,Bright Data,Yaşam,N
1244639,Bee Fighter,0,Omshy Inc.,Oyunlar,N
1212397,Bella Radio,10,Radio antenna uno s.r.l.,Eğlence,N
1221104,Beno 4K,8.7,OTT ,Eğlence,N
3968,Berliner Philharmoniker,7.8,Berlin Phil Media GmbH,Eğlence,N
1019807,Best Baby Lullabies,8.4,myCast TV,Eğlence,N
286052,Best Logic Puzzle,7,플레이빈 주식회사,Oyunlar,N
1229726,Bhaker Tv,0,Bhaker Tv,Eğlence,N
142300,Big Stag Night Out,0,PlayJam,Oyunlar,N
1244086,Big Stream,0,Big Stream,Eğlence,N
1215683,BiiPTV,0,BiiPTV Player,Eğlence,N
1236530,Birds Blast,8.7,Desoline Inc.,Oyunlar,N
1023027,BiscootTV,0,myCast TV,Yaşam,N
472323,BitMar,10,BitMar Networks,Eğlence,N
1237590,Black Pirate Tv,0,Black Pirate Tv,Eğlence,N
241519,BlackJack,6.2,NGINE NETWORKS,Oyunlar,N
455140,Blackdove Canvas,4,Blackdove Inc,Yaşam,N
1128956,Blavity TV,4,Blavity,Yaşam,N
1206303,Blink Player,0,4thdimensionpartners Private Limited,Eğlence,N
1233589,Block Puzzle,9,Desoline Inc.,Oyunlar,N
1234792,Bloomberg,0,Hyundai Motor Company,Haber/Bilgi,N
348757,BluTV,5.5,BluTV,Eğlence,N
1227700,Blue TV,6,Blue TV,Eğlence,N
1226740,Blue World TV,0,Blue World TV,Eğlence,N
1239689,Blue_TV,0,CAMEROON TELECOMMUNICATIONS,Eğlence,N
1211602,Bluebox TV,0,Fundozer LLC,Eğlence,N
1085807,Bnet TV,10,BCI Dev,Eğlence,N
1247772,Boat Bash,6,Bright Data,Oyunlar,N
1245638,Boat Battle,9.3,Omshy Inc.,Oyunlar,N
1099280,Bob the train,10,Castify.ai,Eğlence,N
472853,Bobble Dobble,6.3,Retinmount s.r.o.,Oyunlar,N
236745,Bobble Pong,6.6,(주)나비소프트,Oyunlar,N
1226283,BodyBox,0,Mediablocks LLC,Yaşam,N
957660,Boom Machine,7.3,Retinmount s.r.o.,Oyunlar,N
2706,Boombrick,6,Accedo Broadband AB,Oyunlar,N
1128546,Boondock Nation,0,discovermediaworks,Eğlence,N
1215898,Boondock Nation,4,Gizmeon,Eğlence,N
1202498,Boosteroid TV,7.3,Boosteroid Games SRL,Oyunlar,N
1230209,Boss 4k,0,Boss 4k,Eğlence,N
1223377,Bouncing Eggs,10,Desoline Inc.,Oyunlar,N
1239118,Bouncing Fish,0,Desoline Inc.,Oyunlar,N
1242103,Bouncing Pencil,10,Desoline Inc.,Oyunlar,N
1239869,Bouncy Yeti,10,Desoline Inc.,Oyunlar,N
1219901,Bowling,6,Desoline Inc.,Oyunlar,N
1233132,Box Tower,10,Desoline Inc.,Oyunlar,N
1248377,Brahmand,0,Brahmand,Eğlence,N
259005,Brain Puzzle,7.4,플레이빈 주식회사,Oyunlar,N
1232842,Brasil IPTV,2,Multiapps,Eğlence,N
1223370,Bread Gang TV,0,Bread Gang Tv LLC,Eğlence,N
1240821,Brick Challenge,0,Desoline Inc.,Oyunlar,N
1222341,Brick Out,10,Omshy Inc.,Oyunlar,N
1145537,BridTV,0,BridTV,Eğlence,N
1222757,Bright TV,6,Bright TV,Eğlence,N
1150014,Bright VPN - Secure Private & Free VPN Proxy,4.2,Bright Data,Eğlence,N
1211089,BritAsiaTV,6,BritAsia TV,Eğlence,N
1100989,Britain Live,5,Britain Live,Eğlence,N
1225419,BroadwayHD,8,BroadwayHD LLC,Eğlence,N
1207905,Broken Screen 4K,7.8,Bright Data,Oyunlar,N
1099712,Bromteck,0,Bromteck,Eğlence,N
228789,Bubble Crash,6.4,NGINE NETWORKS,Oyunlar,N
1220252,Bubble Shooter,6,Desoline Inc.,Oyunlar,N
259007,Bubble Shooter Adventures,6.2,플레이빈 주식회사,Oyunlar,N
258955,Bubble Zoo 2,6.6,플레이빈 주식회사,Oyunlar,N
1063262,Bulgaria Live,0,TvBulgariaLive,Eğlence,N
1207271,Bulud,6,BuludStore,Eğlence,N
1242923,Butterflies Flutter,10,MlvFun,Oyunlar,N
206279,Buttons,6,LG RUSSIA R&D Lab,Oyunlar,N
139,Buy Palace,4.8,UANGEL,Oyunlar,N
1237153,Byoblu,0,Byoblu Edizioni,Haber/Bilgi,N
1192339,CABLEFACIL,0,CABLE FACIL,Eğlence,N
1208533,CANAL 33 MADRID,5.2,CANAL 33,Haber/Bilgi,N
1234613,CARD MATCH,0,Busidol,Oyunlar,N
1243434,CICLOPLAY,0,CICLOPLAY,Eğlence,N
1236561,CINE Home TV Go,0,Cine Home TV Go,Eğlence,N
1236903,CLICK TV,0,CLICK TV,Eğlence,N
1230841,CLICK TV PLUS,0,CLICK TV PLUS,Eğlence,N
1207434,CLUBE VV8,0,EiTV,Eğlence,N
1228672,CMS TV Pro,0,CMS TV,Eğlence,N
1216098,CN Plus,0,EiTV,Eğlence,N
214087,CNA,6.5,Mediacorp,Haber/Bilgi,N
1214236,CP Smart,10,OTT ,Eğlence,N
1231257,CRUEL TV,0,CRUEL TV,Eğlence,N
1210142,CTV Sports,10,"ChukkerTV, LLC",Eğlence,N
1152376,CafeTv24,0,Meway srl,Haber/Bilgi,N
1202555,Calcio FVG,8,Fluidstream,Eğlence,N
470560,CalcioNapoli24Tv,0,DASS GROUP S.R.L.,Eğlence,N
1226324,Calm Sea Life,0,ProArtInc.,Eğlence,N
1226321,Calm Wildlife TV,0,ProArtInc.,Eğlence,N
1139932,Canal Feel Good,6,EiTV,Yaşam,N
1242978,Canal Saúde,0,Fundação Oswaldo Cruz,Yaşam,N
1233127,Candy Block,6,Omshy Inc.,Oyunlar,N
1222546,Candy Fish Out,10,Desoline Inc.,Oyunlar,N
1238931,Candy Machine,10,Omshy Inc.,Oyunlar,N
1245266,Candy Maze,10,Bright Data,Oyunlar,N
1229583,Candy Pinball,10,Omshy Inc.,Oyunlar,N
1201967,Candy Smash,7.7,Klebo,Oyunlar,N
1095153,Cannected TV,0,Cannected,Eğitim,N
1215131,Cap Player,0,CAP PLAYER LTD,Eğlence,N
1224885,Car Fanatic,10,Bright Data,Yaşam,N
1199849,Car Rush,7.5,Bright Data,Oyunlar,N
1204097,Card Match,0,Busidol,Oyunlar,N
1210207,Card Match,8.7,Busidol,Oyunlar,N
1185847,Cards Memory Game,6,Desoline Inc.,Oyunlar,N
1219328,Cargo Challenge,8,Omshy Inc.,Oyunlar,N
1239257,Caribcast,0,Gizmeon,Eğlence,N
1212265,Cartoon town,0,AstrumEdgeMedia Ggroup,Eğlence,N
1205473,Castit Digital Signage Player,0,Future Forward,Yaşam,N
1215238,Cat Ninja,8.4,Albert Games,Oyunlar,N
1241536,Cats Dribble,10,MlvFun,Oyunlar,N
1159416,CedNet Play,6,EiTV,Eğlence,N
1224055,Century Play,0,EiTV,Eğlence,N
1213476,Ceuta Play,0,RADIO TELEVISION CEUTA S.A.,Eğlence,N
1228801,CeyFlix,0,Gizmeon,Eğlence,N
1229406,Cezar IPTV,0,Cezar IPTV,Eğlence,N
1208103,Channel 14,0,Channel Jewish Israeli LTD,Haber/Bilgi,N
1213401,ChatMe - AI Advisor,0,MlvFun,Yaşam,N
1101478,Chaupal,0,Chaupal,Eğlence,N
1224917,Chess TV,0,Bright Data,Eğlence,N
2919,Chewie Checker,6.2,Accedo Broadband AB,Oyunlar,N
960813,ChewieBomb,6,viperlasson,Eğlence,N
1101009,China Live,0,China Live,Eğlence,N
1226825,Christmas All-in-1,0,Bright Data,Eğlence,N
1228388,Christmas Chain,7.3,Desoline Inc.,Oyunlar,N
1206546,Christmas Rush,8.4,Bright Data,Oyunlar,N
1227109,Christmas Screensaver,0,Bright Data,Eğlence,N
1233486,Christmas Shooter,8.7,MlvFun,Oyunlar,N
1233795,Christmas Swing,8,Bright Data,Oyunlar,N
1211004,Christmas Tetris,8.7,Omshy Inc.,Oyunlar,N
1199338,Christmas ski,8.7,Omshy Inc.,Oyunlar,N
1239723,Chubby Birds,5.3,Inlogic Software s.r.o.,Oyunlar,N
1202586,Cinema Prime,0,Cinema Prime,Eğlence,N
1211422,Cinemaghar,0,361 Degree Media Pvt. Ltd.,Eğlence,N
1207751,Circle Now,0,Circle Media,Eğlence,N
359039,City Clock,5.7,XSTAR,Yaşam,N
1204763,City runner,8.3,Desoline Inc.,Oyunlar,N
1210964,CityNet,0,CityNet,Eğlence,N
1232349,Classic Bowling,10,Omshy Inc.,Oyunlar,N
1068246,Classic Reruns TV,10,Castify.ai,Eğlence,N
1229702,Click TV,6.1,"MEDIA FUSION, MChJ",Eğlence,N
1076541,ClouDDy,6.3,ClouDDy Online,Eğlence,N
1205035,Coastal Reign TV,0, Coastal Reign TV,Eğlence,N
1244644,Cobra Blast,0,Desoline Inc.,Oyunlar,N
471905,Cocktail Party,6.6,Retinmount s.r.o.,Oyunlar,N
1126344,Coffee Jazz,10,Castify.ai,Eğlence,N
452,Color Blindness Test,3.3,UANGEL,Yaşam,N
275204,Color Bridge,6.6,LG RUSSIA R&D Lab,Oyunlar,N
1234801,Color Pin,0,Inlogic Software s.r.o.,Oyunlar,N
1242508,Color Sort Mania,10,Inlogic Software s.r.o.,Oyunlar,N
1241550,Combat Fury,10,Inlogic Software s.r.o.,Oyunlar,N
1241157,ComedyBox,8,COMEDYBOX S.R.L,Eğlence,N
1022200,Completa Play,6,EiTV,Eğlence,N
1217967,Conectados TV,6,Conectados TV,Eğlence,N
1247988,Conectix+,0,Wibo Soluciones Avanzadas SA de CV,Eğlence,N
1210760,Connect Four,8,MlvFun,Oyunlar,N
1053241,Connect TV,2,EiTV,Eğlence,N
1068881,Cool School - Kids,10,Castify.ai,Eğitim,N
356104,Coolzone,10,Coolzone,Eğlence,N
1205106,Coral Reef Screensaver,0,Bright Data,Eğlence,N
1246236,Core Player,0,OTT ,Eğlence,N
1203036,Corridor Digital,0,Corridor Digital LLC,Eğlence,N
272601,Couchplay Games,9.8,Gofresh GmbH,Oyunlar,N
1201744,Cows and Bulls,6,Individual Developer,Oyunlar,N
1224074,Crack OTT Play,0,Crack OTT Play,Eğlence,N
1231842,CraftWorks,0,Bright Data,Yaşam,N
3645,Crazy Duck,5.9,Busidol,Oyunlar,N
1241602,Crazy Egg Hunt,7.5,Inlogic Software s.r.o.,Oyunlar,N
1223963,Crazy Fishing,10,Omshy Inc.,Oyunlar,N
471750,Crazy Waves,8.5,subidote.com,Eğlence,N
1210873,Crazy freekick,9.5,Omshy Inc.,Oyunlar,N
1207727,Creepy Bird,7.8,Klebo,Oyunlar,N
1212523,Cricket,10,Desoline Inc.,Oyunlar,N
1215220,Cricket FRVR,10,FRVR Limited,Oyunlar,N
1230049,Cricket Master,0,Omshy Inc.,Oyunlar,N
1227939,Cricket fielder,10,Omshy Inc.,Oyunlar,N
1210731,Cronache TV,0,bresi srl,Eğlence,N
1216999,Crunchyroll,6,"Crunchyroll, LLC",Eğlence,N
1235718,Crystal Balls Connect,8,Bright Data,Oyunlar,N
1147808,Culture Forward TV,0,Castify.ai,Eğlence,N
1234328,Cupcakes Match,0,Bright Data,Oyunlar,N
1225455,Cupid Swing,10,Omshy Inc.,Oyunlar,N
451967,Curiosity Stream,7.4,Curiosity Stream,Eğlence,N
276035,Curved Mirror,6.2,LG RUSSIA R&D Lab,Oyunlar,N
4098,Cut the Rope Lite,6.5,ZEPTOLAB,Oyunlar,N
1203168,Cute 2048,10,Bright Data,Oyunlar,N
253771,Cutter Pillars,6.4,LG RUSSIA R&D Lab,Oyunlar,N
1216943,Cyclops Ruins,8,Omshy Inc.,Oyunlar,N
1224037,D Hub IPTV,0,D Hub IPTV,Eğlence,N
3628,3D Race,4.6,gemignani,Oyunlar,N
966443,D-Smart GO,5.4,Mavi Digital Teknoloji Hizmetleri ve Ticaret A.Ş.,Eğlence,N
1184586,DARKFLIX+,0,Darkflix,Eğlence,N
1124363,DARYA,10,Moby Group,Eğlence,N
350149,DAZN,6.6,DAZN,Eğlence,N
1227196,DBL Digital,0,DBL Digital  ,Eğlence,N
473795,DJTV,6,4B DIGITAL LTD,Eğlence,N
1224527,DKTV,0,Diana Net Ltd.,Eğlence,N
1222557,DMVTV,0,DMV TV,Eğlence,N
1108335,DOC BOX,0,Castify.ai,Eğlence,N
1032479,DON TV,10,maiorevision,Eğlence,N
1242350,DOO LiveTV,0,DOO Live TV,Eğlence,N
1205750,DROOM Player,0,4thdimensionpartners Private Limited,Eğlence,N
1215598,DTV SOL,0,DTV Sol,Eğlence,N
336270,DW,8.6,Deutsche Welle,Haber/Bilgi,N
1206963,DailyArtStory,6,dasverse,Eğlence,N
1241289,DanceSphere,0,Bright Data,Eğlence,N
1247032,Darts King,0,Desoline Inc.,Oyunlar,N
1128023,Deegay,0,Fluidstream,Eğlence,N
1217816,Deep Linking Tester,0,LGE,Eğitim,N
1229824,Deep Motivation Ideas,0,Deep Motivation Ideas,Yaşam,N
11634,Deezer,6.3,Deezer,Eğlence,N
1232216,Delish,2,Bright Data,Yaşam,N
1233730,Delkiks TV,0,Delkiks TV,Eğlence,N
1218631,Demand Africa,6,Demand Africa,Eğlence,N
1205061,Deserts Screensaver,0,Bright Data,Eğlence,N
1244888,Destiny Piano Music,0,ProArtInc.,Eğlence,N
1100971,Deutsch Live,0,Deutsch Live,Eğlence,N
232503,Developer Mode,6.1,LGE,Eğitim,N
449678,Device Information,10,msolutions,Yaşam,N
470031,Diamond Mine,6.5,Retinmount s.r.o.,Oyunlar,N
1091542,Diamond Player,2,egysoft,Eğlence,N
1207991,DigiTV BZ,0,Belize Telemedia Limited,Eğlence,N
1149694,DigitAlb,6,DigitAlb,Eğlence,N
955385,Digital Clock,7,subidote.com,Yaşam,N
1246140,Digital Frame by CastHub,0,CastHub,Yaşam,N
1222759,Digital TV,7,Digital TV,Eğlence,N
1153054,Digital TV Cyprus,0,Digital Tree Group,Eğlence,N
964481,Digiturk Play Yurt Dışı,5.8,Digiturk,Eğlence,N
1124538,Dinbox.TV,6.3,Dinbox TV,Eğlence,N
1245543,Dingoo TV App,0,Exotic Dingo Proprietary Limited,Eğlence,N
2918,Dinosaur Disaster,6.1,Accedo Broadband AB,Oyunlar,N
1215564,Dire TV Play,0,Dire TV Play,Eğlence,N
1241369,Direct Sports Network,0,Connected Television Group,Eğlence,N
1223867,Disc Golf Network,0,Disc Golf Network,Eğlence,N
1204699,Discover Florida,0,Crawford Entertainment,Yaşam,N
1098200,Discover Pakistan,0,Discover Pakistan ,Eğlence,N
1078057,Discover Wisconsin,6,discovermediaworks,Eğlence,N
1202619,Discover Wisconsin,0,Gizmeon,Eğlence,N
1231259,Discovery World Travel,10,Bright Data,Eğlence,N
963996,Disney+,7.5,"Disney Platform Distribution, Inc.",Eğlence,Y
1107835,DittyTV,0,DittyTV,Eğlence,N
1204492,Dj Osso Radio,0,Fluidstream,Eğlence,N
992672,DocuBay,7.3,DOCUBAY MEDIA PVT LTD,Eğlence,N
1237615,Dogz,10,Added,Yaşam,N
1237082,Domino Battle,0,Inlogic Software s.r.o.,Oyunlar,N
1236360,Domino Legend,10,Inlogic Software s.r.o.,Oyunlar,N
1219189,Dominoes,0,MlvFun,Oyunlar,N
1215558,Don TV,6,Don TV,Eğlence,N
1214321,Doors to culture,0,Wojewodztwo Lodzkie,Yaşam,N
1086622,DotPlayer,7.6,KRD Company ltd,Eğlence,N
1241806,Drag Racing Club,6.8,Inlogic Software s.r.o.,Oyunlar,N
1244390,Dragons Fall,0,Desoline Inc.,Oyunlar,N
1076726,Dramox,10,Dramox s.r.o.,Eğlence,N
1232051,Draw with Me,0,Lucy,Eğitim,N
1244808,Dream 4K,6,OTT ,Eğlence,N
1228614,Dream TV,10,OTT ,Eğlence,N
1245778,Dream iptv 4k,0,Dream iptv 4k,Eğlence,N
1239458,Dreamscape,0,42race,Haber/Bilgi,N
472773,Drink Crush,6.3,Retinmount s.r.o.,Oyunlar,N
1227890,Drones Screensaver,0,Bright Data,Eğlence,N
1210569,Drop & Merge,0,MlvFun,Oyunlar,N
1185371,Duck Shooter,8,Bright Data,Oyunlar,N
1247765,Ducks Journey,10,MlvFun,Oyunlar,N
1222263,Dude Perfect,10,A Parent Media Co.,Eğlence,N
1244254,Duflix Play,0,Duflix Play,Eğlence,N
1242690,Dumdaar Sitara,0,Dumdaar Sitara,Eğlence,N
1133897,Duplecast,8.3,Duplecast,Eğlence,N
1225546,Duplex TV,10,duplextv,Eğlence,N
995666,DuplexPlay,6.8,CRTVAPPS,Eğlence,N
1234443,Dupont Network,0,Gizmeon,Eğlence,N
1223047,E Learning TV,0,E Learning TV,Eğitim,N
1084765,ELKPLAYER,8.2,Elkplayer LTD,Eğlence,N
453704,EON,8,unitedgr,Eğlence,N
1226828,EPlay TV,6,EPlay TV,Eğlence,N
1231214,EQUIPE MEU PAINEL,0,EQUIPE MEU PAINEL,Eğlence,N
1097495,EQUUS The Equestrian Lifestyle,0,Tradecast B.V.,Eğlence,N
1070730,ESL,0,Eureka Smart Living,Yaşam,N
1075754,EXXEN,5.2,Exxen,Eğlence,N
1226675,Eagle Attack,10,Omshy Inc.,Oyunlar,N
450331,Earth Online,5,trubatv,Eğlence,N
1143260,Earth and Sky Collection,0,Fitbox Virtual,Oyunlar,N
1217795,Easter Memory,10,Desoline Inc.,Oyunlar,N
1233804,Easter Shooter,0,Desoline Inc.,Oyunlar,N
1166971,Easy Player,0,Multiapps,Eğlence,N
1245118,Echo Play,0,Echo Play,Eğlence,N
1225261,Edivaldo HDTV,0,Edivaldo HDTV,Eğlence,N
1222540,Edson Sock,0,EDSON SOCK,Eğlence,N
1161763,Ego IPTV,5.5,EGOIPTV,Eğlence,N
1140211,EiTV Play,10,EiTV,Eğlence,N
1244072,Ekol TV,0,Erstream Yayincilik AS,Haber/Bilgi,N
357688,El Dorado,8.2,Busidol,Oyunlar,N
1234604,El Dorado,0,Busidol,Oyunlar,N
1124210,El Toro TV,0,El Toro TV,Eğlence,N
1219933,Elemental.TV,0,Elemental.TV,Eğlence,N
1242159,Eletrix TV,0,Eletrix TV,Eğlence,N
1229181,Elite Player,10,eliteplayer.tv,Eğlence,N
1103505,Ellas TV Max,0,Ellas TV,Eğlence,N
353653,Emby,8.7,Emby,Eğlence,N
1241493,Emisor Podcasting,6,RDF Media,Eğlence,N
1200108,Enjoy Television,0,Fluidstream,Eğlence,N
1230526,Entrepreneur,0,Entrepreneur,Eğlence,N
1245959,EpicPlay Central,8,Bright Data,Eğlence,N
1022184,Escola do Legislativo RR,0,EiTV,Eğitim,N
1175901,Escolegis Tocantins,10,EiTV,Eğitim,N
1101005,Espana Live,0,Espana Live,Eğlence,N
1236677,Especial Play,0,EiTV,Eğlence,N
1202890,Esternet Play,10,EiTV,Eğlence,N
356911,EtvNet,5.6,vitalii,Eğlence,N
1097172,Euro Tv,8,Zerouno srls,Eğlence,N
1213889,Evo Player,2,Evoplayer,Eğlence,N
1216773,ExYU IPTV,0,Exyu IPTV,Eğlence,N
1238922,ExYu NetTv,0,ExYu NetTv,Eğlence,N
1226955,Exclusive Player,10,Exclusive Player,Eğlence,N
1197195,Exercite,6.3,IPIXEL Corp.,Yaşam,N
1245732,ExiBit,0,ExiBit,Yaşam,N
1246469,Exon Player,0,Exon Player,Eğlence,N
171585,Extinction Run free,6.1,IguanaBee,Oyunlar,N
1208538,Extreme+,10,Castify.ai,Eğlence,N
1049717,Exyu,10,EXE MEDIA LTD,Eğlence,N
453,Eye Sight Test,5,UANGEL,Yaşam,N
1102710,EyeCharts,0,EyeCharts,Yaşam,N
451851,Eynio VisionTV,8.7,Eynio ,Yaşam,N
1241301,EzPlayer,0,ABC,Eğlence,N
1238606,FAMILY PLAY PRO,0,FAMILY PLAY,Eğlence,N
1035252,FANTASTICRADIOUK,5.6,FANTASTIC RADIO LTD,Eğlence,N
1222713,FEF TV,0,ATM Broadcast,Eğlence,N
1048198,FITE is now TrillerTV,0,Flipps Media Inc.,Eğlence,N
1240178,FIXA NET,0,FIXA NET,Eğlence,N
1237331,FLI,0,FLI ,Eğlence,N
308637,FPlayer,6.2,Bleaksoft,Eğlence,N
1230533,Faces Blocks,10,Bright Data,Oyunlar,N
1218660,Falling Blocks,10,MlvFun,Oyunlar,N
1230597,Falling Crystal,0,Bright Data,Oyunlar,N
1217907,Falling Cubes,10,Desoline Inc.,Oyunlar,N
1247630,FamCinema,0,Famcinema LLC,Eğlence,N
1219814,Famiglia DORO TV,0,Gizmeon,Eğlence,N
1171159,Family Player,6,kin4k ltd,Eğlence,N
1248172,FamilyPlus,0,FamilyPlus,Eğlence,N
1214458,FamilyTV,0,Family TV,Eğlence,N
473145,Fancy Clock,7.6,subidote.com,Eğlence,N
1236446,Fancy Diver,10,Bright Data,Oyunlar,N
1222751,Farm Factory,9.6,MlvFun,Oyunlar,N
1114420,Fashion News Lifestyle Network,0,Fashion News Lifestyle Network,Eğlence,N
1087689,FashionTV,0,FTV Media GMBH,Yaşam,N
1199325,Fast shooter,0,Omshy Inc.,Oyunlar,N
1216749,Fatboy Dream,10,Omshy Inc.,Oyunlar,N
1216685,Feed Math,10,Bright Data,Eğitim,N
1197397,Feed monster,9,Desoline Inc.,Oyunlar,N
1204516,FeedPac,8.2,MlvFun,Oyunlar,N
1183899,Ferie TV,7,Ferie TV,Eğlence,N
1239048,Festive Screen,0,Festive Screen,Yaşam,N
464008,FexID,10,DATATECH CENTER OU,Yaşam,N
353120,Filimo,8.5,Saba Idea Technology CO.,Eğlence,N
1060219,Filimo School,7.3,Saba Idea Technology CO.,Eğitim,N
363189,Filipino Entertainment Television,5,Filipino Entertainment TV,Eğlence,N
1211646,Film line,0,Fundozer LLC,Eğlence,N
1104397,Film&Co,0,myCast TV,Eğlence,N
1234253,Filmity,0,OnePlay LLC,Eğlence,N
1245132,Find The Mouse,10,Desoline Inc.,Oyunlar,N
240354,Finding Lost Jewelry,7,Busidol,Oyunlar,N
242943,Finding the Wrong Drawing,5.2,(주)나비소프트,Oyunlar,N
1224463,Fire Ambience TV,0,ProArtInc.,Eğlence,N
1239284,Fire Ball,10,Omshy Inc.,Oyunlar,N
1068950,Firehouse Kitchen,0,Castify.ai,Eğlence,N
359037,Fireplace,3.6,XSTAR,Yaşam,N
1204831,Fireplace 4K,8,MlvFun,Eğlence,N
469316,Fireplace Relax,4.5,XSTAR,Yaşam,N
1229447,Fireplace Screensaver,0,Bright Data,Eğlence,N
1230029,Firon,0,Firon,Yaşam,N
1216946,Fish N Jump,10,Desoline Inc.,Oyunlar,N
1219910,FishOn TV,0,Gizmeon,Eğlence,N
1175015,Fishing Offshore,6,Castify.ai,Eğlence,N
340811,Fishing TV,5,World Channel Network Ltd,Eğlence,N
1236369,Fishing.io,8.7,Inlogic Software s.r.o.,Oyunlar,N
1228072,Fit TV,6,Bright Data,Yaşam,N
1230957,FitNest,0,Bright Data,Yaşam,N
1230315,FitStars,0,FitStars,Yaşam,N
1226854,Fitiptv,10,fitmedia,Eğlence,N
1185379,Flags Maniac,8,Gameflix TV Games,Oyunlar,N
1180432,Flamenco Auditorio,6,Flamenco Auditorio,Eğlence,N
1221443,Flappy Ball,0,Desoline Inc.,Oyunlar,N
1214612,Flappy Purupuru,8.7,Omshy Inc.,Oyunlar,N
1229630,Flash Player,2,OTT ,Eğlence,N
1243876,Flash TV Cash,0,Flash TV Cash,Eğlence,N
1167906,FlexIt,6,FlexIt,Yaşam,N
1245469,Flickerwall - Digital Signage,0,flickerwall,Yaşam,N
1226015,Flicknexs,10,WEBNEXS,Eğlence,N
359045,Flickr Radio,5.2,XSTAR,Yaşam,N
1225474,Flix Net,0,duplextv,Eğlence,N
1206310,FlixTVPlay,0,4thdimensionpartners Private Limited,Eğlence,N
1220041,Flixtra Player,3,OTT ,Eğlence,N
1116121,Float,0,FloatCast,Eğlence,N
1205115,Florida Keys TV,0,Crawford Entertainment,Yaşam,N
272460,Flow Laser Quest,7,플레이빈 주식회사,Oyunlar,N
1228600,Flowers,9,Omshy Inc.,Oyunlar,N
1157456,Flux+,0,Flux,Eğlence,N
1231668,Flying Bat,0,Bright Data,Oyunlar,N
1234569,Flying Dino,0,Desoline Inc.,Oyunlar,N
461060,Flying Fish,6.4,Retinmount s.r.o.,Oyunlar,N
1236079,Flying Fish 2,7.5,Retinmount s.r.o.,Oyunlar,N
472859,Flying Gomes,6.5,Retinmount s.r.o.,Oyunlar,N
1239887,Flying Parrot,6,Omshy Inc.,Oyunlar,N
96377,Flying Pig,6.6,"Bliss soft Co., Ltd.",Oyunlar,N
446911,Fontanero,6.7,trubatv,Oyunlar,N
1225645,Football World,0,Bright Data,Eğlence,N
1208974,Forja,0,digital snrt,Eğlence,N
1229156,ForneyExtremeTV,6,Gizmeon,Eğlence,N
1222947,Forza King TV,0,FORZAKING TV,Eğlence,N
2705,Four,6.5,Accedo Broadband AB,Oyunlar,N
1072039,Fox Iptv,3,ICLEOM GROUP,Eğlence,N
1245955,Fox Star Plus,0,Fox Star Plus,Eğlence,N
14816,Fox and mandarin tree,6.1,ipadizer,Eğlence,N
3285,France 24,6.1,DOTSCREEN,Haber/Bilgi,N
1101008,France Live,0,France Live,Eğlence,N
1231423,FrasaPlay,0,EiTV,Eğlence,N
1103212,Free Classic Movies,7,Castify.ai,Eğlence,N
1248189,Free Speech TV,0,Free Speech TV,Eğlence,N
1226903,Freekick Training,10,Desoline Inc.,Oyunlar,N
1231776,Frogtastic,9,Bright Data,Oyunlar,N
1230319,Frosty FRVR,9,FRVR Limited,Oyunlar,N
144,Fruit Puzzle,3.3,UANGEL,Oyunlar,N
9997,Fun2Sports,6.9,주식회사 펀투소프트,Oyunlar,N
1197105,Fun Mirror,10,LG RUSSIA R&D Lab,Eğlence,N
1228017,Funny Faces,6,Omshy Inc.,Oyunlar,N
1213732,Funny Soccer,7.9,Desoline Inc.,Oyunlar,N
1212221,Funny and fast,0,blueplanetmedia llc,Eğlence,N
1232139,Future View,6,Future View,Eğlence,N
1139968,G5 TV,0,EiTV,Eğlence,N
1231253,G&G STREAM,0,G&G STREAM,Eğlence,N
1213758,G-TV,0,TELECOMUNICACIONES G-NETWORK,Eğlence,N
1207970,GAAGO: Watch Live GAA,0,GAAGO Media Limited,Eğlence,N
1205375,GAYAPOP,10,EiTV,Eğlence,N
1073478,GAİN,7.2,GAİN Medya,Eğlence,N
1169805,GB News,0,GB News,Haber/Bilgi,N
1081244,GECKO IPTV PLAYER,6,WebTec d.o.o,Eğlence,N
1107866,GFWN,0,Tradecast B.V.,Haber/Bilgi,N
1199149,GHOSTflix,0,GHOSTflix,Eğlence,N
1093141,GLEY,10,SVOD Master DOO,Eğlence,N
290608,GLWiZ,7.2,Group Of GL,Eğlence,N
1244602,GM MULTIMEDIA,10,GM MULTIMEDIA,Eğlence,N
1240532,GOLD Cine,0,GOLD Cine,Eğlence,N
1238004,GR81 IPTV,0,GR81 IPTV,Eğlence,N
1215742,GREEN Player,0,Green Player,Eğlence,N
1234219,GV,0,GV Player,Eğlence,N
1052612,Gags for Guys,0,Castify.ai,Eğlence,N
1218418,Gala TV,0,Yes Tech,Eğlence,N
1216949,Galactic Maze,10,Omshy Inc.,Oyunlar,N
1221832,Galactic War,0,Omshy Inc.,Oyunlar,N
1206036,Galaxy TV,0,4thdimensionpartners Private Limited,Eğlence,N
1212133,GamFan TV,0,blueplanetmedia llc,Eğlence,N
1023047,Gamazda Music,6,myCast TV,Eğlence,N
1228755,Game Of Trey,0,Bright Data,Eğlence,N
1090670,Games Tips&Tricks,7.7,Castify.ai,Oyunlar,N
1228622,Gaming Hub,7.3,Bright Data,Eğlence,N
1223648,Gaming TV,6,Bright Data,Eğlence,N
1231379,Ganga Isnan,6,Ganga Isnan,Eğlence,N
1235567,Gascione,0,Gascione ,Eğlence,N
1231197,Gazy,0,Gazy,Eğlence,N
1229069,Gecko TV,0,Gecko TV,Eğlence,N
1014850,Geethanjali - Yoga,8,myCast TV,Yaşam,N
1010781,Geethanjali Kids,6,myCast TV,Eğlence,N
1226987,Gems Glow,10,Desoline Inc.,Oyunlar,N
146,Gems Quest,4.8,UANGEL,Oyunlar,N
239011,Genious Memory,7.9,Advanced Mobile Applications Ltd.,Oyunlar,N
1230662,Geometrical Dash,7.7,Inlogic Software s.r.o.,Oyunlar,N
1141842,Get Me Radio!,0,Get Me Radio!,Eğlence,N
1219820,Getflix IPTV,4,OTT ,Eğlence,N
1076382,Getreel Fireplaces,8.7,Castify.ai,Eğlence,N
1226027,Ghost Blast,8.7,Omshy Inc.,Oyunlar,N
1239873,Ghost Blitz,10,Desoline Inc.,Oyunlar,N
1232805,Girja,0,Girja,Eğlence,N
170902,Gismeteo,6.4,Gismeteo,Haber/Bilgi,N
1241127,Glide Puzzle,10,Bright Data,Oyunlar,N
952551,Globespan 24x7,0,Globespan International Inc,Eğlence,N
1215227,Go Chicken Go,9.4,Bright Data,Oyunlar,N
1236426,Go Uniplay,0,loosegoose,Eğlence,N
1214234,GoTV,0,Go TV,Eğlence,N
1216632,Going Nuts,7,Desoline Inc.,Oyunlar,N
1242926,Gold Rush,10,Bright Data,Oyunlar,N
1217798,Gold Seeker,10,Desoline Inc.,Oyunlar,N
1150555,Gold Tower Defence,8.1,Busidol,Oyunlar,N
1234590,Gold Tower Defence,0,Busidol,Oyunlar,N
1224460,Golf Hole-In-One TV,6,Bright Data,Eğlence,N
1232913,Goluremi,0,Bright Data,Eğlence,N
1216384,Goose Game,10,Omshy Inc.,Eğitim,N
214353,GravityBall,6.7,LG RUSSIA R&D Lab,Oyunlar,N
1185362,Green Screen,0,Bright Data,Yaşam,N
1241253,Grow Tennessee,0,"KUDZUKIAN, LLC",Eğlence,N
1204074,Guess Word,7.3,MlvFun,Oyunlar,N
1224306,Gummy Blocks,9.3,Desoline Inc.,Oyunlar,N
1246466,Guru Nanak,0,Guru Nanak,Eğlence,N
1234280,Gusto TV,0,Gusto Worldwide Media,Yaşam,N
1228380,Gyan TV,0,Gyan TV,Eğlence,N
996426,HAPPY DOG TV,2,happydogtv,Eğlence,N
1239561,HBCU+,0,Urban Edge Network,Eğlence,N
1139953,HD2,0,EiTV,Eğlence,N
1247110,HD Player,0,OTT ,Eğlence,N
1235872,HOME TV PREMIUM,0,HOME TV PREMIUM,Eğlence,N
1226568,HPRO Technology,0,HPRO Technology,Eğlence,N
1231136,HQ Net Media,0,HQ Net Media,Eğlence,N
344220,HRTi,7.5,Hrvatska radiotelevizija,Eğlence,N
1223891,HTV Houston Television,0,CReed Global Media & CGM TV,Eğitim,N
1233334,HUNA LONDON,0,Hala London International Limited,Eğlence,N
1218548,Hajduk Digital TV,6,HNK Hajduk Split,Eğlence,N
1083059,Halidon Music - Instrumental Music,0,myCast TV,Eğlence,N
1234923,Halk Platform,8,HALK RADYO VE TELEVİZYON YAYINCILIK A.Ş,Haber/Bilgi,N
1176193,Halloween AI Art Gallery,6,MlvFun,Eğlence,N
1217792,Halloween Memory,0,Omshy Inc.,Oyunlar,N
1231671,Halloween Shooter,6,Bright Data,Oyunlar,N
1221391,Halloween Timberman,10,Albert Games,Oyunlar,N
1242688,Happy TV,0,Happy TV,Eğlence,N
280138,HappyKids,6.8,Future Today Inc.,Eğlence,N
955381,Haystack Local & World News,8.3,"Haystack TV, Inc.",Haber/Bilgi,N
1238196,Haystack Local & World News,0,"Haystack TV, Inc.",Haber/Bilgi,N
1101475,Hellas Live,0,Hellas Live,Eğlence,N
1226996,Hexagon Fall,6,Desoline Inc.,Oyunlar,N
1241937,HibridoTV,10,OTT ,Eğlence,N
1208299,Hidden Catch,0,Busidol,Oyunlar,N
1210273,Hidden Catch,6,Busidol,Oyunlar,N
1234616,Hidden Catch,0,Busidol,Oyunlar,N
273933,High Burger,6,플레이빈 주식회사,Oyunlar,N
1117759,High Octane,0,Castify.ai,Eğlence,N
1203650,High or low,10,Omshy Inc.,Oyunlar,N
1073517,Highbrow,7,JoinHighbrow Ltd,Eğitim,Y
1067682,HilalPlay,10,HilalPlay,Eğlence,N
950241,Hmara.TV,6.5,vivattv,Eğlence,N
1224655,Hockey Ice,0,Omshy Inc.,Oyunlar,N
1235970,Hockey Shootout,0,Desoline Inc.,Oyunlar,N
1011068,HoiChoi,0,Hoichoi Technologies Pvt. Ltd,Eğlence,N
1094740,Hola VPN,6.3,Hola VPN Ltd.,Eğlence,N
2917,Holiday Getaway,6.2,Accedo Broadband AB,Oyunlar,N
1228607,HollywoodTV,0,Bright Data,Eğlence,N
1234191,Holst,10,Holst.city,Eğlence,N
1214632,Home IPTV,10,Home IPTV,Eğlence,N
1230387,Home Plus IPTV,0,Home Plus IPTV,Eğlence,N
1015192,Home of Princess,7.6,myCast TV,Eğlence,N
1168428,Homi,0,"Homi TV, Inc",Eğlence,N
1231729,HooNation TV,0,Hoo Nation TV,Eğlence,N
1231230,Hoops Junkie,5.6,Bright Data,Eğlence,N
292,Horoscope,4,UANGEL,Yaşam,N
1188451,Horror Host Network,0,Castify.ai,Eğlence,N
1243858,Horse Race,7.3,Omshy Inc.,Oyunlar,N
1205033,Horses Screensaver,0,Bright Data,Eğlence,N
4036,Hot Chicks,6.2,"Bliss soft Co., Ltd.",Oyunlar,N
4062,Hot Chicks,6,"Bliss soft Co., Ltd.",Oyunlar,N
1174867,Hot IPTV,8.9,STE DIGI VIBES SARL,Eğlence,N
1116881,Hotmart,2,Hotmart,Eğitim,N
448,How To Tie,0,UANGEL,Yaşam,N
1212001,How it's?,0,Topthinkize,Eğlence,N
279577,Hue Controller,2,spektor56,Yaşam,N
1163807,HushPlayer,10,Soft ltd,Eğlence,N
1244432,IB24,0,IB24,Eğlence,N
1078555,IBO Player,7.5,Smartdev,Eğlence,N
1203978,IBO Player Pro,6.4,Smartdev,Eğlence,N
1209642,IBO Pro,10,Smartdev,Eğlence,N
1220869,IBO STB,2,Ibostb,Eğlence,N
1222257,IBOSOL,0,Ibostb,Eğlence,N
1186254,IBOSS IPTV,4,Smartdev,Eğlence,N
1202699,IBOXX IPTV,4,Smartdev,Eğlence,N
1203972,ICINEX,0,Castify.ai,Eğlence,N
1228081,ICVA,0,Lampa,Eğlence,N
1198308,IL GLOBO TV,0,S.E.I. (Vic) Pty Ltd,Eğlence,N
473037,INDIA TODAY,10,TV Today,Haber/Bilgi,N
1139895,INDIE tv,9,The Independent Network,Yaşam,N
1110669,INTERACTVTY,10,Interactvty,Yaşam,N
1204817,IP2 Play,0,EiTV,Eğlence,N
1214252,IPTV 4K,4.4,OTT ,Eğlence,N
1223031,IPTV 157,6,IPTV 157,Eğlence,N
1224440,IPTV Air Player,8,Air Player,Eğlence,N
1229067,IPTV Bate Bate,0,IPTV Bate Bate,Eğlence,N
1223093,IPTV Entertainment,6,IPTV Entertainment,Eğlence,N
1237224,IPTV LBBE PLAYER,0,Art Studio,Eğlence,N
1239161,IPTV MAG,0,IPTV MAG,Eğlence,N
1232261,IPTV MyTV Best,6.7,Anigan SIA,Eğlence,N
1219062,IPTV OTT Player,2.7,OTT ,Eğlence,N
1216200,IPTV Play,4.9,OTT ,Eğlence,N
1245096,IPTV Player Pro,4,IPTV Player,Eğlence,N
1224042,IPTV Plus,2,OTT ,Eğlence,N
1228382,IPTV Pro,4.6,OTT ,Eğlence,N
1247015,IPTV RIAS,0,IPTV RIAS,Eğlence,N
1233792,IPTV Smart Player,6,eliteplayer.tv,Eğlence,N
1214597,IPTV Smarters,2,IPTV Smarters,Eğlence,N
1221815,IPTV Stream Player,6.8,OTT ,Eğlence,N
1204822,IPTV playerio,4.4,OTT ,Eğlence,N
957575,IPTVPLAYER.me,4.8,iptvplayer,Eğlence,N
221630,IPTVPORTAL,6.6,IPTVPORTAL,Eğlence,N
1231221,IPTVSmartersPlayer,6.7,tvplayers.net,Eğlence,N
1247138,IPTVSmartersPlus,2,eliteplayer.tv,Eğlence,N
950615,IPTVSmartersPro,5.9,WHMCS Smarters,Eğlence,N
1229572,IROKOtv,0,Iroko Holdings Inc,Eğlence,N
1236314,IS Max,0,EiTV,Eğitim,N
1088465,ISP Members,0,EiTV,Eğlence,N
1226318,ITV Deportes,0,OCD Networks LLC,Eğlence,N
1020692,ITV komunikatsion tsantser,6.3,INTERNET KOMUNIKACION CANCER,Eğlence,N
358564,IZITV,4.4,iziNode,Eğlence,N
1244975,Ibo Premium,0,OTT ,Eğlence,N
1236524,Idea Radio,0,Newradio,Eğlence,N
961342,Idle Gods,7.6,Retinmount s.r.o.,Oyunlar,N
1237342,Imam Hussein TV,6,Imam Al Hussein Media Group,Eğitim,N
1224297,Incredible Discoveries,0,Bright Data,Eğlence,N
1208310,Incredible Tank,0,Busidol,Oyunlar,N
1208323,Incredible Tank,0,Busidol,Oyunlar,N
1210149,Incredible Tank,7.7,Busidol,Oyunlar,N
1124491,IndiMusic TV,10,Castify.ai,Eğlence,N
1101001,India Live,0,Hindu Live,Eğlence,N
1085401,Indie Box,0,Castify.ai,Eğlence,N
1101004,Indonesia Live,10,Indonesia Live,Eğlence,N
1221145,InfiniteTV,8,Infinite TV,Eğlence,N
360538,Ingenium lSC,0,Ingenium Ingeniería y Domótica,Yaşam,N
1205044,Ink in water Screensaver,2,Bright Data,Eğlence,N
1210461,Innovo Play,6,Innova Solutions,Eğlence,N
1228086,InoRain OTT,0,OTT ,Eğlence,N
1221959,Inove TV,0,INOVE TV,Eğlence,N
1141732,Insight Timer,6,Insight Timer,Yaşam,N
1132397,InsysGO,0,Insys Video Technologies Co. Sp. z o.o.,Eğlence,N
1197569,InterTV,0,OTT ,Eğlence,N
317663,Internet Speed 2,6.5,LG RUSSIA R&D Lab,Yaşam,N
1118199,Intl+,10,Volant Media UK,Haber/Bilgi,N
1186080,IpYesTV,0,Yes Tech,Eğlence,N
1207741,IqraaTV,10,IQRAA MEDIA COMPANY,Eğlence,N
1101000,Israel Live,0,Israel Live,Eğlence,N
969342,Israel Radio,6,israelradio,Eğlence,N
1128739,Istikana,0,Istikana LLC,Eğlence,N
1229054,Ita Master,0,Ita Master,Eğlence,N
1100997,Italia Live,0,Italia Live,Eğlence,N
1215071,Itel Smarters Player,0,itel Smarters Player,Eğlence,N
1097165,Iunior Tv,2,Zerouno srls,Eğlence,N
1231359,JAX Player,0,Jax Media,Eğlence,N
1222335,JLJ Streaming Hub,0,JLJ Streaming Hub,Eğlence,N
1247013,JS PLAY,0,JS PLAY,Eğlence,N
1240963,JUNGLA TV,0,JUNGLA TV,Eğlence,N
1170265,Jack O'Lantern 4K Set,6.5,MlvFun,Eğlence,N
459545,JadooTV,9.3,JadooTV,Eğlence,N
960082,JadooTV Farsi,9.2,XUMAX INC.,Eğlence,N
1244791,Jai Durga Mata Mandir,10,Jai Durga Mata Mandir,Eğlence,N
1228582,James Ferreira Torres,0,James Ferreira Torres,Eğlence,N
1063273,Japan Live,10,TVJapanLive,Eğlence,N
1213725,Jaro IPTV,0,Jaro Media,Eğlence,N
1226787,Jeep Racing,6.7,Omshy Inc.,Oyunlar,N
1030579,Jellyfin,10,Jellyfin,Eğlence,N
459477,Jellyfish,4.3,XSTAR,Yaşam,N
1238266,Jellyfish Blast,10,Bright Data,Oyunlar,N
1205029,Jellyfish Screensaver,0,Bright Data,Eğlence,N
285381,Jewel Adventures,6.4,플레이빈 주식회사,Oyunlar,N
1219075,Jewel Boom,8.7,Klebo,Oyunlar,N
1230052,Jigsaw Deluxe,0,Omshy Inc.,Oyunlar,N
1212177,Jocular monster,0,blueplanetmedia llc,Eğlence,N
1240438,Jolt Film,0,Joltspace LLC,Eğlence,N
1093324,Joozoor IPTV,2,Joozoor iptv llc,Eğlence,N
1018987,Jordan Tv,6,Jordan Radio and Television,Haber/Bilgi,N
1211913,Journey up!,0,Topthinkize,Eğlence,N
1013379,Jugnu Kids,7.7,myCast TV,Eğlence,N
1236449,Juicy Dash,0,Bright Data,Oyunlar,N
1209059,Jumbers,7.1,Klebo,Oyunlar,N
1233381,Jump With Justin,6,Inlogic Software s.r.o.,Oyunlar,N
1222648,Jumper Frog,10,Desoline Inc.,Oyunlar,N
1229113,Jumping Bird,8,Desoline Inc.,Oyunlar,N
1224892,Jumping Kangaroo,6.7,Omshy Inc.,Oyunlar,N
1231332,Jumping Santa,9,Omshy Inc.,Oyunlar,N
1232152,Jumping Unicorn,10,Omshy Inc.,Oyunlar,N
1236052,Jumping Witch,0,Bright Data,Oyunlar,N
954405,Jumpoon,6.4,Retinmount s.r.o.,Oyunlar,N
1247857,Jumpy Clown,0,Desoline Inc.,Oyunlar,N
1240818,Jungle Fox,0,Desoline Inc.,Oyunlar,N
1242732,Jungle Snake,10,Bright Data,Oyunlar,N
1234221,Jurassic Run,7,Inlogic Software s.r.o.,Oyunlar,N
1232975,Jurassic Running Challenge,10,Omshy Inc.,Oyunlar,N
1212801,Just Aquarium TV,6,Digital Sky Games,Eğlence,N
1213372,Just Cats TV,0,Digital Sky Games,Eğlence,N
1212799,Just Fireplace TV,6,Digital Sky Games,Eğlence,N
1212848,Just Jazz TV,0,Digital Sky Games,Eğlence,N
1213073,Just Nature TV,0,Digital Sky Games,Eğlence,N
1003628,Just for Women,0,myCast TV,Yaşam,N
1220052,JustVogueTV,0,MRT International Media L.L.C-FZ,Yaşam,N
1065737,JustWatch - The Streaming Guide,10,JustWatch GmbH,Eğlence,N
1221802,4K IPTV Player,4,OTT ,Eğlence,N
1209481,8K Landscape,6,Castify.ai,Eğlence,N
1008370,4K Nature Relax TV,0,ProArtInc.,Eğlence,N
1205774,4K Player,5.5,zen llc ,Eğlence,N
1226327,4K TV Screensavers,5.5,ProArtInc.,Eğlence,N
462357,K-141 Kursk,6.7,Retinmount s.r.o.,Oyunlar,N
1061749,KATV1,4.7,AG Telekom,Eğlence,N
1239482,KAZE TV,0,KAZE TV,Eğlence,N
472074,KHL Hockey,6.5,CHL LLC,Eğlence,N
1212353,KIDZ BOP+,0,Kidz Bop Enterprises LLC,Eğlence,N
1220391,KPLAY,2,Multiapps,Eğlence,N
1246178,KVTV,0,KVTV,Eğlence,N
1215601,Kableone,0,Seven Colors,Eğlence,N
2702,Kaboom,6.1,Accedo Broadband AB,Oyunlar,N
1172282,Kanał Sportowy,7.1,Kanał Sportowy ,Eğlence,N
202295,Kanto,5.7,Karaoke Smart,Eğlence,N
1246254,Karaoke sing-a-long,2,Bright Data,Eğlence,N
1234689,Karibe Media Player,0,Karibe Media Player,Eğlence,N
1223097,Kartikeya Mahadev,0,Kartikeya Mahadev,Eğlence,N
457465,Kartina TV,5.7,Kartina Digital GmbH,Eğlence,N
1100990,Kazakhstan Live,0,Kazakhstan Live,Eğlence,N
1038702,KeduTV,0,KeduTV LLC,Eğlence,N
1223188,Kemo Zon,0,Kemo Zone,Eğlence,N
1228468,Key Pix,0,Key Pix,Eğlence,N
952643,KeyTV,8,Intelletech Ltd.,Yaşam,N
1239159,Ki Player,0,Ki Player,Eğlence,N
4267,Kid friends Hidden Picture,6.3,모바일버스,Oyunlar,N
4266,Kid friends Jigsaw Puzzle,6.2,모바일버스,Oyunlar,N
4160,Kid friends paint,6.2,모바일버스,Oyunlar,N
1025003,Kiddies TV,8.7,myCast TV,Eğlence,N
1026168,Kiddo,8.4,myCast TV,Eğitim,N
1236737,Kidjo,10,alteox sarl,Eğlence,N
1227569,Kidoodle.TV,6,A Parent Media Co.,Eğlence,N
1159041,Kids Planet,0,Castify.ai,Eğlence,N
1214898,Kids Play,0,Kids Play,Eğlence,N
1099596,Kids TV,10,Castify.ai,Eğlence,N
1185575,King4k Player,8.8,kin4k ltd,Eğlence,N
1214880,King 4K OTT  Player,0,King 4K OTT Player,Eğlence,N
1232845,King 4k Plus,0,King 4k Plus,Eğlence,N
1231820,King Solomon,0,King Solomon ,Eğlence,N
1146388,Kinodaran,0,Kinodaran LLC,Eğlence,N
1095607,Kitoons,9,IMC Toys,Eğlence,N
1205541,Kiwi 4K Player,0,4thdimensionpartners Private Limited,Eğlence,N
452134,KlowdTV,10,KlowdTV,Eğlence,N
1229779,Knife Smash,9.6,Inlogic Software s.r.o.,Oyunlar,N
1217027,Knife Strike,6.8,Klebo,Oyunlar,N
1238563,Knife Strike 2,8,Klebo,Oyunlar,N
1207382,Knight TV+,8,Knight Studios,Eğlence,N
1245750,Knowledge,0,Knowledge,Eğlence,N
1226766,Kool Player,0,Kool Player,Eğlence,N
986146,KralTV,6.6,Doğuş Yayın Grubu,Eğlence,N
1226834,Krator,0,Multiapps,Eğlence,N
1229728,Krishna Motivational Speech,10,Krishna Motivational Speech,Eğlence,N
1152718,Ktn Player,8,Soft ltd,Eğlence,N
1204499,Kuzey Kıbrıs Smart TV,0,Pelinsan,Eğlence,N
1002592,Kyivstar TV,6.4,"LLC ""Plus TV""",Eğlence,N
1241534,L play,0,L play,Eğlence,N
956267,LALIGA+,10,LaLiga Group,Eğlence,N
1226590,LAXX,0,Gizmeon,Eğlence,N
1242692,LBM Play,0,LBM Play,Eğlence,N
1244427,LEOMAX MULT PLUS,0,LEOMAX MULT PLUS,Eğlence,N
1140206,LINKFULL TV,6,EiTV,Eğlence,N
1206909,LIV Golf+,2,LIV Golf Inc,Eğlence,N
1245427,LOGIC LEAP TV,0,LOGIC LEAP TV,Eğlence,N
1203183,LOVE Is In The Air,0,MlvFun,Eğlence,N
1223292,LQDCNVS TV,0,LQDCNVS ,Eğlence,N
1069304,LSL TV,0,LSL Auctions,Yaşam,N
1139606,LUX Player,0,Lux Player,Eğlence,N
1196638,LabTV,6,Rievoluzione,Haber/Bilgi,N
1237967,LagosPlay,0,Lagos Play,Eğlence,N
1228551,Lamborghini TV,0,Automobili Lamborghini S.p.A.,Eğlence,N
1061627,LamiaFM,6,LamiaFM,Eğlence,N
347598,Lamro TV,6.5,Lamro LLC,Eğlence,N
1206609,Lands of Blight,8.6,7 Spot Games UAB,Oyunlar,N
11659,Landscape,7.6,LGESP,Yaşam,N
201814,Landscape,7.4,ipinillos,Eğlence,N
474139,Laser Mazer,6.4,Retinmount s.r.o.,Oyunlar,N
1227146,Law Nation Sports,0,Bright Data,Eğlence,N
1204684,Laxy Player,10,4thdimensionpartners Private Limited,Eğlence,N
1000577,LayTV,6,myCast TV,Eğlence,N
1234316,Lazer Play,10,OTT ,Eğlence,N
241539,4Leaf Clover,7.5,(주)나비소프트,Oyunlar,N
1060785,Learn with Om Nom,7.3,myCast TV,Eğlence,N
1231489,Lebanese TV,0,Lebanese TV,Eğlence,N
1231666,Legaott IPTV,0,Legaott IPTV,Eğlence,N
1100958,Legrity,0,Legrity Media,Yaşam,N
1096210,Leoncito Alado,7.3,myCast TV,Eğitim,N
1051587,Leral TV,0,aCAN Group,Haber/Bilgi,N
473306,Let It Surf,6.6,Retinmount s.r.o.,Oyunlar,N
98656,Let's Cook!!,6,LGESP,Oyunlar,N
1221930,Lets Go Fishing,8,Bright Data,Oyunlar,N
1161382,Level 33,0,Castify.ai,Eğlence,N
1240182,Life TV,0,Life TV,Eğlence,N
341317,LifeMinute.tv,7.5,LifeMiunute,Yaşam,N
341318,LifeMinute.tv,4.7,LifeMiunute,Yaşam,N
1068954,Lifestyle Magazine,0,Castify.ai,Yaşam,N
1225650,Lifestyle TV,0,Bright Data,Yaşam,N
1231363,Liga TV,0,Liga Portugal,Eğlence,N
1224578,Light Drawing,0,LGE,Yaşam,N
1227728,Lights,10,Desoline Inc.,Oyunlar,N
1237285,Lights Out Sports,0,Lights Out Sports,Eğlence,N
228097,LikeApp,6.7,alexbelousov,Eğlence,N
1196107,Lime,0,Smartlabs Holding,Eğlence,N
469079,Lime HD TV,6.7,Lime HD,Eğlence,N
1222672,Lime TV,10,Lime TV,Eğlence,N
1239084,Lion Player,0,Lion Player,Eğlence,N
1130564,Lionztv,0,tvlionziptv,Eğlence,N
1206200,Liquid Sort,7.7,MlvFun,Oyunlar,N
1222714,Live 4K,0,Live 4K,Eğlence,N
1226952,Livnjak Pro,0,Livnjak Pro,Eğlence,N
1169798,Local Broadcast Network,0,Local Broadcast Network,Yaşam,N
1136680,LolliRadio,0,Fluidstream,Yaşam,N
1223924,London Run,0,Desoline Inc.,Oyunlar,N
1088476,Lore in play,8,EiTV,Eğlence,N
1243079,Lorenzi Travel TV,0,Alexandre Porfirio,Haber/Bilgi,N
1230490,Loustream,0,Loustream,Eğlence,N
1207678,Love FM,0,Fluidstream,Yaşam,N
1222684,Love Pinball,10,Omshy Inc.,Oyunlar,N
1211296,Lumina Player,0,OTT ,Eğlence,N
1240509,Luna Player,0,Luna Player,Eğlence,N
462318,Lunar Lander,6.3,Retinmount s.r.o.,Oyunlar,N
967653,M3.hu,10,MTVA Digitalizációs Műhely Kft.,Eğlence,N
1167871,M3U IPTV,7.7,Herber eDevelopment,Eğlence,N
1215225,M3U IPTV Player,10,M3U IPTV Player,Eğlence,N
1244600,M3u Player,6,M3u Player,Eğlence,N
1218839,M-Sub Movie For WebOS,0,M-Sub Movie,Eğlence,N
1150524,MADCUP TV,9,Interactvty,Eğlence,N
1222180,MAX MEDIA PLAYER,6,MAX MEDIA PLAYER,Eğlence,N
1208198,MCV Player,6,4thdimensionpartners Private Limited,Eğlence,N
4168,"MEGOGO: TV, Movies, Sports",5.6,MEGOGO,Eğlence,N
95262,"MEGOGO: TV, Movies, Sports",7.1,MEGOGO,Eğlence,N
1248163,MEJORATV,0,MEJORATV,Eğlence,N
1223226,MH IPTV,0,MH IPTV,Eğlence,N
1159857,MIKA Player,8,mike,Eğlence,N
1228142,MJB Player,0,MJB Player,Eğlence,N
223828,MKIPTV,7.1,MKIPTV,Eğlence,N
353122,MKVOD,8,MKIPTV,Eğlence,N
1232023,MLB.TV,0,Major League Baseball,Eğlence,N
1166732,MONTREAL GREEK TV,6,The Montreal Greek Times,Haber/Bilgi,N
1046375,MOTORVISION.TV,0,MV International GmbH,Eğlence,N
1158002,MOTV.mn,0,Mongolsat Networks LLC,Eğlence,N
957095,MTA,7,Al Shirkatul Islamiyyah (MTA International),Eğitim,N
454885,MTEL TV,6.5,MTEL Global,Eğlence,N
1247397,MTRX,0,MTRX,Eğlence,N
461212,MUBI,5.2,MUBI,Eğlence,N
1163470,MUTV - Manchester United TV,0,Manchester United Limited,Eğlence,N
1246903,MVS PLAYER,0,MVS PLAYER,Eğlence,N
1246186,MX PREMIUMTV,0,MX PREMIUMTV,Eğlence,N
1199003,MYETV,0,MY INCORPORATE,Eğlence,N
1148023,Mac Player,0,Soft ltd,Eğlence,N
1228539,Machado Player,0,Machado Player,Eğlence,N
1219067,MackPlay,0,EiTV,Eğitim,N
1228763,Mad Maxy,0,Bright Data,Eğlence,N
1204688,Made It Myself TV,6,Castify.ai,Eğlence,N
975072,MagellanTV,6.8,MagellanTV,Eğlence,N
1013567,Magic Fingers Art,7.4,myCast TV,Eğitim,N
1235485,Magic Player,2,Magic Player,Eğlence,N
273382,Magic Puzzle,9.1,mrshuffler,Oyunlar,N
1230031,Magic TV,0,Magic TV,Eğlence,N
1063278,Magyar Live,10,TVMagyarLive,Eğlence,N
1229402,Maheeir,0,Maheeir,Eğlence,N
147,Mahjong,5.7,UANGEL,Oyunlar,N
260924,Mainstream,6.4,LG RUSSIA R&D Lab,Oyunlar,N
1212959,Makkah Live TV | مكة المكرمة بث مباشر | قناة القرآن الكريم,0,MlvFun,Eğlence,N
1211413,Mango Display,6,Chakra Group Inc.,Yaşam,N
348853,Maraya,7.3,Zone Technologies LTD,Eğlence,N
1232936,Maraya TV,0,Sharjah Broadcast Authority,Eğlence,N
1216938,Marquee TV - Arts on Demand,0,Marquee TV,Eğlence,N
1225781,Martial Arts World,0,Bright Data,Eğlence,N
1070250,Marvel Comic Universe,0,Castify.ai,Eğlence,N
1203764,Master Checkers,8.7,Bright Data,Oyunlar,N
1229084,Master Chess,8.5,Omshy Inc.,Oyunlar,N
1242142,Master Pro,6,Master Pro,Eğlence,N
1210498,Mat Player,0,OTT ,Eğlence,N
1221090,Math Mind,8,MlvFun,Eğitim,N
955892,Mautilian,8.5,Retinmount s.r.o.,Oyunlar,N
1173325,Max Ott,0,Maxott,Eğlence,N
1238608,Max Play Pro,0,Max Play,Eğlence,N
1065783,MaxPlayer,4.4,E Galactic e.U,Eğlence,N
1053029,Maxcloudtv,10,EiTV,Eğlence,N
239641,Maya Brick Breaker,7.7,Advanced Mobile Applications Ltd.,Oyunlar,N
464834,Media Station X,6.8,benzac.de,Eğlence,N
1244116,Media player,4,OPT,Eğlence,N
1209118,MediaAppUSA,6,Media Logistics Inc,Eğlence,N
951876,Mediabay,10,International Mediabay Alliance LLC,Eğlence,N
1102711,Medianet,0,Medianet Private Limited,Eğlence,N
1223878,Meditation TV,0,Meditation TV,Yaşam,N
1243416,Mega Glass,0,Mega Glass,Eğlence,N
1241522,Mega Net,6,Mega Net,Eğlence,N
1211427,Mega Player,6,Mega Player,Eğlence,N
1091620,MegaIPTV,4,Mega Web App Development,Eğlence,N
1154834,Megogo Games,9.7,MEGOGO,Oyunlar,N
1077420,Mejores Juguetes,6,myCast TV,Eğlence,N
1196445,Members Eimax,0,EiTV,Eğlence,N
1229220,Mermaid Screensaver,0,Bright Data,Eğlence,N
1244521,Meseras,0,Meseras,Yaşam,N
1220688,Meta Player,6,Kuailue-OTT-Team,Eğlence,N
1228139,Meta Player Pro,0,Meta Player,Eğlence,N
3837,Meteonews TV,7.1,DOTSCREEN,Haber/Bilgi,N
1240597,Miami Vice Radio,0,Newradio,Eğlence,N
1234131,Millennium,6,OTT ,Eğlence,N
1113359,Millennium TV USA,0,Millennium TV & Broadcasting Corp,Haber/Bilgi,N
2916,Mindboggle,5.8,Accedo Broadband AB,Oyunlar,N
1223478,Mineball,7.8,Klebo,Oyunlar,N
1228588,Miner Block,10,Omshy Inc.,Oyunlar,N
1033355,Minesweeper,8.6,sheepwizard,Oyunlar,N
1170843,Minesweeper Classic,7.7,tvgame.dev,Oyunlar,N
1170706,Ministra PRO,0,Progressive Technology,Eğlence,N
470240,Ministra Player,5.5,Progressive Technology,Eğlence,N
1161404,Minute Media,0,MinuteMedia,Eğlence,N
1079424,MioCinema,0,MioCinema,Eğlence,N
1176821,MiroPlayer,9,miroplayer,Eğlence,N
989294,MirrorMeister,3.5,MeisterApps BV,Eğlence,N
957496,Miss Sharp,8.2,Retinmount s.r.o.,Oyunlar,N
1228535,Mission Gyan,0,Mission Gyan,Eğlence,N
180719,Mister Awesome,7.7,portalne,Eğlence,N
1242726,Mister Monster,6,Omshy Inc.,Oyunlar,N
1231370,Mobicinema,10,Allplay,Eğlence,N
957787,Modern Clock,9.2,berecvencel,Yaşam,N
325939,ModernTV,5.8,moderntv,Eğlence,N
952877,Moja webTV,7.3,BH Telecom d.d. Sarajevo,Eğlence,N
1063031,Moldcell TV+,6,JV Moldcell JSC,Eğlence,N
1241845,Monaco Race,10,Omshy Inc.,Oyunlar,N
1156840,MoneySkool,0,Pouncil Technologies,Eğitim,N
1242334,Monster Attack,0,Desoline Inc.,Oyunlar,N
236746,Monster World,6.9,(주)나비소프트,Oyunlar,N
1215231,Monto IPTV Player,0,Monto IPTV Player,Eğlence,N
1215568,Mood Player,0,Mood Player,Eğlence,N
1229666,Mooda,0,Mooda,Eğlence,N
1133059,MoonPlayer,6,Smartdev,Eğlence,N
1242873,MoonTools,0,MoonTools,Eğlence,N
1225642,Moonode,0,Moonode,Haber/Bilgi,N
1243031,Moontv Player,0,Moontv Player,Eğlence,N
1240497,More Games,0,LGE,Eğlence,N
360498,Moscow Clock,5.3,XSTAR,Yaşam,N
1230595,Motivate TV,10,Motivate TV,Yaşam,N
1217587,Motivation & Success,0,Motivation and Success,Yaşam,N
1230843,Motivational Speaker,0,Motivational Speaker ,Eğlence,N
1228391,MotorTrend TV,0,Bright Data,Eğlence,N
1202074,Movie Mania,2,myCast TV,Eğlence,N
1219923,MovieItalyPlus,0,NEW WORLD TECHNOLOGY,Yaşam,N
234963,Movieshow,3.8,setsystem,Eğlence,N
327551,Mp3Quran,8,eSprit Solutions,Yaşam,N
1241313,Mr Pencil,7.3,Omshy Inc.,Oyunlar,N
1214763,Multi Play,0,Multi Play,Eğlence,N
1018528,Mumbo Jumbo Kids,0,myCast TV,Eğlence,N
1166948,Muscle Cars,6,MlvFun,Eğlence,N
148,Music Lesson,4.2,UANGEL,Oyunlar,N
1069524,MuslimKidsTV,7.3,Milo Productions Inc.,Eğitim,N
1054770,MuviOnyx,0,Muvi Entertainment Pvt Ltd,Eğlence,N
1184082,MwareTV,0,Mware Solutions B.V.,Eğlence,N
1227191,My Family,8,My Family,Eğlence,N
1073918,My Home TV UK,6,IQ Broadcast Ltd,Eğlence,N
1143991,My Opera Player,10,Fundación Teatro real,Eğlence,N
1226887,My Play,0,My Play,Eğlence,N
1230644,My Smart Services,4,My Smart Services,Eğlence,N
1211780,My style!,0,Invisionery Media,Eğlence,N
1066574,MyFlixTV,0,IKOMG,Eğlence,N
342304,MyGreeceTv,0,lgundefined,Yaşam,N
950459,MyOutdoorTV,8.7,MOTV,Eğlence,N
1227232,MyTv Pro,0,MyTV,Eğlence,N
1232927,Myislamtv,0,IQ Broadcast Ltd,Eğlence,N
1244111,Mysterious Hindu,10,Mysterious Hindu,Eğlence,N
1243866,Mystery Hands,0,Desoline Inc.,Oyunlar,N
1207845,NAICOM TV,0,NAICOM CORPORATION,Eğlence,N
1172909,NEXGEN TV,0,Central TV & Internet,Eğlence,N
1223684,NJAAY IPTV,0,NJAAY IPTV,Eğlence,N
1230839,NOVA PRO,2,NOVA PRO,Eğlence,N
1241526,NOW IPTV,0,NOW IPTV,Eğlence,N
1208357,NPlay,0,EiTV,Eğlence,N
469929,NSlide,6.5,Retinmount s.r.o.,Oyunlar,N
1244246,NTV Play,0,NTV Play,Eğlence,N
950545,NTV-PLUS TV,9.2,NTVPLUS TV,Eğlence,N
1116441,NVIDIA GeForce® NOW™,6.8,NVIDIA,Oyunlar,N
1203489,NXTV,0,NetWorx Bulgaria Ltd.,Eğlence,N
1217561,NZR+,8,New Zealand Rugby Union Incorporated,Eğlence,N
360095,Namava,8.2,Namava,Eğlence,N
957772,Nanomid Player,5.6,Nanomid,Eğlence,N
140,Natural Object,6,UANGEL,Oyunlar,N
360747,Nature,5.7,XSTAR,Yaşam,N
360329,Nature Clock,4.6,XSTAR,Yaşam,N
454451,Nature Free,7.5,XSTAR,Yaşam,N
1230040,Nature Time-lapse,0,Bright Data,Eğlence,N
1228910,Natute Soundscape TV,0,ProArtInc.,Yaşam,N
1228579,Need More Speed,6.6,Klebo,Oyunlar,N
1186404,NeighborhoodTV,10,WatchDingo,Yaşam,N
1213735,Neon Pong,6.4,Omshy Inc.,Oyunlar,N
1133166,Net11 TV Player,0,Net11 Provider,Eğlence,N
970007,Net ipTV,6.4,netflipp GmbH,Eğlence,N
1184628,NetCOMM Play,0,EiTV,Eğlence,N
334385,NetTV Plus,3.8,EON International,Eğlence,N
334387,NetTV Plus,5.5,EON International,Eğlence,N
986319,Neterra.TV,6.6,Neterra Communications LTD,Eğlence,N
70318,Netflix,8,Netflix,Eğlence,Y
328815,Netflix,0,Netflix,Eğlence,N
359723,Netflix,9.7,Netflix,Eğlence,N
1039698,Netflix,0,LGE,Eğlence,N
1221203,Netflix,0,Netflix,Eğlence,N
1235827,Netflix,0,LG Electronics,Eğlence,N
1245314,Netflix,0,LG Electronics,Eğlence,N
1238651,New York Drift,10,MlvFun,Oyunlar,N
1220628,New York Run,7.2,Omshy Inc.,Oyunlar,N
3294,News 24,6,JSC Lux,Haber/Bilgi,N
988054,Newsmax,0,Newsmax,Haber/Bilgi,N
1129502,NextLives TV,0,Red Social Lideralia S.L.,Yaşam,N
1240550,Nice Player,0,Nice Player,Eğlence,N
1244385,Ninja Blast,10,Desoline Inc.,Oyunlar,N
285325,Ninja Clash,5.3,플레이빈 주식회사,Oyunlar,N
1229469,Ninja Jump,10,Omshy Inc.,Oyunlar,N
1244770,Ninja Leap,6,Omshy Inc.,Oyunlar,N
1247392,Ninja Turtle Swing,8,Omshy Inc.,Oyunlar,N
1247899,Noah,10,Noah,Eğlence,N
975672,Noorplay,8,MITHAQ MEDIA PRODUCTION LIMITED,Eğlence,N
467806,NoraGO,4,Setplex,Eğlence,N
1161562,Nordic IPTV,7,nordiciptv,Eğlence,N
1206132,Nubia TV,0,4thdimensionpartners Private Limited,Eğlence,N
1221096,Nubia TV Plus,0,Nubia TV Plus,Eğlence,N
1240806,Nufu TV,0,Nufu ,Eğlence,N
1202647,Nugget Seeker,8.6,Bright Data,Oyunlar,N
1223673,Num Player,0,Num Player,Eğlence,N
1220537,Number Maze,10,MlvFun,Oyunlar,N
1154160,Number One,0,,Eğlence,N
461130,Numeroso,6.4,Retinmount s.r.o.,Oyunlar,N
1235344,Nurture,0,Nurture Holding,Eğitim,N
474142,Nut War,6.8,Retinmount s.r.o.,Oyunlar,N
1141506,OAN Live,0,Herring Networks Inc.,Haber/Bilgi,N
1221147,OATV,0,OATV,Eğlence,N
461366,OCTOsmart,6.9,trubatv,Oyunlar,N
1240199,ODIN PLAY,0,ODIN PLAY,Eğlence,N
1220217,OFTV,0,OF World LLC,Yaşam,N
1246728,OM Shri Ganeshay Namah,0,OM Shri Ganeshay Namah,Eğlence,N
1116520,OMG TMG,0,Castify.ai,Eğlence,N
1022020,OMNI Edu,0,EiTV,Eğitim,N
1242167,ON IPTV Pro,0,ON IPTV,Eğlence,N
1201553,ORA,0,mike,Eğlence,N
987054,ORI,0,ORIMEDIA LLC,Eğlence,N
1242867,OTT PLUS PRO,0,OTT PLUS PRO,Eğlence,N
1206038,OTT Play,0,4thdimensionpartners Private Limited,Eğlence,N
1093241,OTT+ Player,7.6,Ottechnology,Eğlence,N
1061415,OTTV Prime,0,Ottvprime,Eğlence,N
1111951,OVERSPORT,2,OVERSPORT,Eğlence,N
1220465,Off Road Racing,9.6,Omshy Inc.,Oyunlar,N
1132785,Oktagon.TV,0,Tivio,Eğlence,N
1219325,Olaf The Viking,10,Desoline Inc.,Oyunlar,N
1228736,Olly The Paw,8.4,7 Spot Games UAB,Oyunlar,N
1031268,Om Nom Adventures,8,myCast TV,Eğlence,N
1112409,On TV,6,Digital Cable Corporation LTD,Eğlence,N
1211735,On travel TV,0,Invisionery Media,Eğlence,N
1068823,OnPoint IPTV,7.1,Isisoft GmbH,Eğlence,N
1239436,OnStage PLUS,0,Gizmeon,Eğlence,N
1208950,One IPTV,6,OTT ,Eğlence,N
1241922,One Player Lite,6,One Player Lite,Eğlence,N
1205308,One Sound Revival TV,0,Sairtek Limited,Yaşam,N
1168242,OneFootball TV,4,OneFootball,Eğlence,N
1018572,Oneplayer,4.9,playerott,Yaşam,N
1059354,Onetoro TV,0,Onetoro,Eğlence,N
1228155,Onpix TV,0,Onpix TV,Eğlence,N
1236905,OohWeee TV,0,OohWeee TV,Eğlence,N
1211044,Open Knowledge.Usach,0,EiTV,Eğitim,N
1228385,Open World Games,0,Bright Data,Eğlence,N
961160,Orc Hunt,7.6,Retinmount s.r.o.,Oyunlar,N
1228146,Ostark Play Tv,0,Ostark Play Tv,Eğlence,N
1206793,Otr IPTV,7.3,OTT ,Eğlence,N
1070438,Ottclub,0,Internet Media Stream Ltd,Yaşam,N
1232923,Outdoor Action TV,0,CarecoTV,Yaşam,N
1228003,Outside TV,2,Outside Inc.,Eğlence,N
1026710,OyaWatch,8,Intradot Limited,Eğlence,N
1214604,P2Speed,0,Multiapps,Eğlence,N
1122875,PATO TV,0,patotv,Eğlence,N
1235857,PCSAT,0,PCSAT,Eğlence,N
1151529,PEK Play,0,EiTV,Eğlence,N
1122241,PG Kids,9.6,Progressive Generation Inc.,Eğlence,N
1239484,PLAY TV PRO,0,PLAY TV PRO,Eğlence,N
1122947,PLAY TV Streamed by Brightcove,10,Brightcove,Yaşam,N
1134424,PNPLAY,6,EiTV,Eğlence,N
1231191,POK,0,POK TV,Eğlence,N
1160119,POPSTAR!,0,Castify.ai,Eğlence,N
1204200,PPV.COM,0,Kiswe Mobile Inc,Eğlence,N
329853,PREMIER,6.4,"LLC ""PREMIER""",Eğlence,N
1239862,PRO Player,0,OTT ,Eğlence,N
1203768,3PT contest,7.4,Omshy Inc.,Oyunlar,N
451795,PV Control,0,pvcrestron,Yaşam,N
1221554,Pac Cat,8.7,Omshy Inc.,Oyunlar,N
1245269,Pac Match,6,MlvFun,Oyunlar,N
1243424,Pac Rush,0,Omshy Inc.,Oyunlar,N
1204310,Pac chef,8.6,Omshy Inc.,Oyunlar,N
1174582,Pac-Bear,8.2,tvgame.dev,Oyunlar,N
1125084,Pac-Maze,8.3,tvgame.dev,Oyunlar,N
1185363,Pac-Rat,7.9,Bright Data,Oyunlar,N
454,Paint,3.1,UANGEL,Eğitim,N
376,Pair & Match,7,LG CNS,Oyunlar,N
1101468,Pakistan Live,0,Pakistan Live,Eğlence,N
4003,PanoramaTV,6.7,feratel media technologies AG,Haber/Bilgi,N
1235721,Paris Raceway,8.7,MlvFun,Oyunlar,N
1210995,Park It!,7,Klebo,Oyunlar,N
1216381,Park Your Car,10,Desoline Inc.,Oyunlar,N
1218477,Parking Block,9.4,MlvFun,Oyunlar,N
239634,Parking Panic,5.7,Advanced Mobile Applications Ltd.,Oyunlar,N
975089,Party Tyme Karaoke,4,Sybersound Records Inc.,Eğlence,N
1027607,Passionflix,0,Passionflix Inc.,Eğlence,N
1244615,Patriot TV,0,Leonel Damian,Yaşam,N
1077032,Patron Digital,6,Nodamen,Yaşam,N
1234491,Peace TV,0,Peace TV,Yaşam,N
1205031,Penguins Screensaver,0,Bright Data,Eğlence,N
247747,Pentomino,6.7,NGINE NETWORKS,Oyunlar,N
196825,Perfect Kick,6.8,Gamegou Ltd,Oyunlar,N
196826,Perfect Kick for webOS,7.2,Gamegou Ltd,Oyunlar,N
220805,Perfect Kick for webOS,6.8,Gamegou Ltd,Oyunlar,N
1224310,Pet Party Columns,10,Desoline Inc.,Oyunlar,N
1230462,Pharoah,10,Pharaoh,Eğlence,N
3870,Phereo 3D Photo,7.1,Первый канал,Eğlence,N
1227193,Philip Hughes,0,Bright Data,Eğlence,N
1100986,Philippines Live,0,Philippines Live,Eğlence,N
1208182,Phoenix,0,Muvi Entertainment Pvt Ltd,Eğlence,N
1219796,Physical TV,6,Gizmeon,Yaşam,N
1235844,PianoVisions Screensaver,10,Bright Data,Eğlence,N
1215720,PiecDwa,0,Mateusz Andrzejewski,Eğlence,N
1214618,Pinball Space Adventure,8.8,Omshy Inc.,Oyunlar,N
1227558,Pipe Beer,2,Omshy Inc.,Oyunlar,N
1216952,Pirates Adventure,10,Desoline Inc.,Oyunlar,N
1236896,PixelTV,0,PixelTV,Eğlence,N
1226394,Planespotting,10,Bright Data,Eğlence,N
1115240,Planet Digital,0,Planet Digital Media LLC,Eğlence,N
1123296,Planeta plus,6,Radio-televizija Srbije,Eğlence,N
1216472,Play Maze,6,Omshy Inc.,Eğitim,N
1223513,Play Net,2,EiTV,Eğlence,N
1240274,Play Power,2,OTT ,Eğlence,N
1229567,Play TV,0,Play TV,Eğlence,N
1226234,"Play great family fun games like Neon Rider, Doodle Jump, Solitaire, all for free",0,PlayWorks Digital,Oyunlar,N
1233732,Player 4k TV,0,Player 4k TV,Eğlence,N
1221495,Player Codes,10,Player Codes,Eğlence,N
1140948,Player IPTV,5.1,Digit Solutions LTD,Eğlence,N
359497,PlayerOTT,6.1,playerott,Eğlence,N
1246664,PlayersTV+,6,PlayersTV Inc.,Eğlence,N
459289,Playibiza.tv,0,DIGITAL,Yaşam,N
957197,Plecto,8,Plecto,Yaşam,N
256567,Plex,6.9,Plex GmbH,Eğlence,N
1231239,Plex Player Pro,0,Plex Player Pro Ltd,Eğlence,N
1089822,Plum,0,Network Manager doo,Eğlence,N
1220021,Plumper Pipe,10,MlvFun,Oyunlar,N
958645,Plus TV,6.3,Microimpuls,Eğlence,N
1222704,Plus TV Plus,6,Plus TV Plus,Eğlence,N
1242776,PolBox.TV,0,,Eğlence,N
1087095,Polestarart,2,polestarart,Eğlence,N
259018,Polly Shake Maker,8.1,플레이빈 주식회사,Oyunlar,N
1101010,Polska Live,0,Polska Live,Eğlence,N
1215389,Pop Player,10,POP Player,Eğlence,N
282325,Porsche TV,8.5,MEKmedia GmbH,Yaşam,N
1076214,PortableTV,10,T@R Productions LLC,Haber/Bilgi,N
1100972,Portugal Live,0,Portugal Live,Eğlence,N
1223210,Power Flow,0,MlvFun,Oyunlar,N
1234373,Power System,10,OTT ,Eğlence,N
1235285,Power play,0,Power play,Eğlence,N
958354,PowerApp,7.1,BSN Radyo Televizyon Yayıncılığı A.Ş.,Eğlence,N
1223645,PowerPlayChessTV,0,Bright Data,Eğlence,N
1101195,PowerTurboNet Tv,0,EiTV,Eğlence,N
1226776,Prank TV,0,Bright Data,Eğlence,N
975286,Prime Asia TV,0,PrimeAsia Tv,Haber/Bilgi,N
1247096,Prime IPTV,0,OTT ,Eğlence,N
340303,Prime Video,7.3,Amazon,Eğlence,Y
1215604,Prime Video plus Pro,10,Prime Video,Eğlence,N
1236723,PrimeFight,0,alteox sarl,Eğlence,N
1226225,Pro Media,0,Pro Media,Eğlence,N
1215637,Pro TV,0,Pro TV,Eğlence,N
1240003,ProBox TV,0,ViewLift,Eğlence,N
1242523,ProFoxy,0,AlphaOTT,Eğlence,N
1231171,Projector,0,"Projector, LLC",Yaşam,N
471990,Prosto.TV,6.2,Prosto.TV,Eğlence,N
1223594,Proton IPTV,10,Proton IPTV,Eğlence,N
1229160,Pryanick.TV,0,Pryanick TV,Yaşam,N
1225264,Psychology TV,0,Physiotherapy TV,Eğlence,N
1247389,Pumpkin Panic,0,Desoline Inc.,Oyunlar,N
1207636,PupilHD,0,PupilHD,Eğlence,N
1245136,Puppy Sprint,2,Omshy Inc.,Oyunlar,N
1214814,PursuitUp,6,PursuitUP,Eğlence,N
4108,Push 'em Penguin,2,PlayJam,Oyunlar,N
141,Puzzle Game,7,UANGEL,Oyunlar,N
1226784,Python Saga,4,Desoline Inc.,Oyunlar,N
1232801,Pzo Play,0,Pzo Play,Eğlence,N
1177773,Q play,0,QYOU MEDIA INDIA PVT LTD,Eğlence,N
1224503,Q-net Queue Management System - Media Player,2,Q-net International,Yaşam,N
1241920,QA TV,0,QA TV,Eğlence,N
1090096,Qeenatha TV,0,Qeenatha,Eğlence,N
1218360,Qello Concerts by Stingray,6,alteox sarl,Eğlence,N
320813,Qoobex 3D Network,5.1,Qoobex,Eğlence,N
1216752,Quack Attack,10,Desoline Inc.,Oyunlar,N
473299,Quadrix,6.9,Retinmount s.r.o.,Oyunlar,N
1204750,Queen TV,0,4thdimensionpartners Private Limited,Eğlence,N
1210820,Quick Player Iptv,0,R&D Consulting Network,Eğlence,N
1233444,QuickPlayer,0,R&D Consulting Network,Eğlence,N
1131892,Quickom,0,Beowulf Network Inc.,Eğitim,N
142228,Quizz Master,6.1,Accedo Broadband AB,Oyunlar,N
1218639,Quran Mushaf,10,www.learn-quran.co,Yaşam,N
465765,Quran Pro,9,Quanticapps Ltd,Yaşam,N
1207736,RADIOCALIMA,0,Newradio,Eğlence,N
1231961,RD TV,6,RD TV,Eğlence,N
1245729,REGIS PLAY,0,EiTV,Eğlence,N
1003645,RETRO music television,7,Hudební televize s.r.o.,Eğlence,N
1241678,RETROSON,0,Gizmeon,Eğlence,N
1245780,RGTV STREAMING,0,RGTV STREAMING,Eğlence,N
1186718,RHStv,0,"CP Communications, LLC",Yaşam,N
1186244,RIMEXTV,0,Rimex Ltd.,Eğlence,N
1236557,RK IPTV,6,RK IPTV,Eğlence,N
1233012,RK Player,0,RK Player ,Eğlence,N
1242780,RM ENTRETENIMENTO,0,RM ENTRETENIMENTO,Eğlence,N
1243436,ROBOT TV,0,ROBOT TV,Eğlence,N
1236570,ROD TV,0,Rock on Digital Ltd,Eğlence,N
1231375,ROMANO IPTV,0,ROMANO IPTV,Eğlence,N
1171720,RSO GO,0,RSO Apolo Hidalgo SRL,Eğlence,N
359675,RT News,6.5,RT,Haber/Bilgi,N
1213052,RTL 102.5 Play,10,Kineton,Eğlence,N
1098452,RTP Play,10,RTP,Eğlence,N
1095258,RTR99,0,Fluidstream,Eğlence,N
1008358,RTS Planeta,6,Radio-televizija Srbije,Eğlence,N
1100242,RTVE Play +,0,CRTVE,Eğlence,N
1224194,Race Challenge,8.3,Desoline Inc.,Oyunlar,N
1239281,Race Moto,6,Omshy Inc.,Oyunlar,N
1152928,Radiant TV,2,"Radiant Technologies, LLC",Eğlence,N
1080234,Radio 80,9.3,Fluidstream,Eğlence,N
1156025,Radio Antena 1,0,Antena 1,Eğlence,N
1096188,Radio Bianconera,0,Fluidstream,Eğlence,N
1069689,Radio Company,10,Fluidstream,Eğlence,N
1234136,Radio DOC TV,0,Zerouno srls,Eğlence,N
1140352,Radio Easy Network,0,Fluidstream,Yaşam,N
1149657,Radio Firenze Viola,0,Fluidstream,Yaşam,N
1160677,Radio Gamma Stereo,6,Meway srl,Eğlence,N
1196814,Radio Gold,2,Fluidstream,Eğlence,N
1156008,Radio Italia 5 TV,0,Fluidstream,Yaşam,N
1081497,Radio Javan,5.6,Radio Javan,Eğlence,N
1196325,Radio Legends,0,Meway srl,Eğlence,N
1224253,Radio Must,0,Vassilis Panos,Eğlence,N
1133035,Radio Padova,0,Fluidstream,Eğlence,N
1160556,Radio Sound,6,Radio Sound,Eğlence,N
1243755,Radio Station One,10,InMystream,Eğlence,N
1139433,Radio Studio Delta,10,Fluidstream,Yaşam,N
1235170,Radio Veronica,0,Triple,Eğlence,N
1061455,Radio WoW,4,Fluidstream,Eğlence,N
458732,Radio [Dutch],9,sofdzy,Eğlence,N
1109575,RadioCortina,9,Radio Data Net,Eğlence,N
1023668,RadioSwissJazz,6.3,rascal1978,Eğlence,N
1159943,RadioVerse,2,Castify.ai,Eğlence,N
1203790,Radioactive Ball,7.1,Bright Data,Oyunlar,N
1228364,Radiomusica TV,0,,Eğlence,N
1226610,Radyo Güneş Bursa,10,Radyo Gunes,Eğlence,N
1227113,Rail Runner,8.9,Inlogic Software s.r.o.,Oyunlar,N
1241445,Rainbow Wings,4,Desoline Inc.,Oyunlar,N
471284,Rampart Heroes,6.5,Retinmount s.r.o.,Oyunlar,N
951562,Rapid Drift,6.3,Retinmount s.r.o.,Oyunlar,N
1222273,Rasuh MZM TV,0,Rasuh Mzm TV,Eğlence,N
4138,Rat Fishing Trial,6.4,"Bliss soft Co., Ltd.",Oyunlar,N
4139,Rat Fishing Trial,6.8,"Bliss soft Co., Ltd.",Oyunlar,N
1244973,Real Estate Search - MoveTube,0,MoveTube,Yaşam,N
1228682,Real KeV3n,6,Bright Data,Eğlence,N
1211096,Real Madrid Play,9.3,Real Madrid Club De Fútbol,Eğlence,N
1116084,Real Music TV,7,Castify.ai,Eğlence,N
1224882,RealTV Player,6,Digit Solutions LTD,Eğlence,N
955392,Red Baron,8.3,Retinmount s.r.o.,Oyunlar,N
1232176,Red Bull TV,10,Red Bull Media House,Eğlence,N
1235865,Red Heifer,0,Red Heifer,Eğlence,N
1227127,Red Play,0,Red Play,Eğlence,N
1230464,Red Sea,0,Red Sea,Eğlence,N
1210808,Rede Furacão,0,Mediastream Brasil,Eğlence,N
1244250,Redplay Turbo,0,Redplay Turbo,Eğlence,N
1026146,Redplayer,4,elliotbrt,Eğlence,N
1083250,Reju50,0,Reju50,Yaşam,N
1208947,Relax Play,5.4,OTT ,Eğlence,N
1206806,Relax Your Dog TV,7,MlvFun,Eğlence,N
969807,RelaxWallpapers,6,Support.ua,Eğlence,N
1026116,Relaxifire,6.9,pureqml,Eğlence,N
1202314,Relaxing Rainstorm,10,MlvFun,Yaşam,N
1201972,Relaxing Water Flowing,0,MlvFun,Yaşam,N
1174981,Relaxing Wave,2,MlvFun,Yaşam,N
1151428,Remotemeeting,0,RSUPPORT,Yaşam,N
1178247,Rep Dat TV,0,Castify.ai,Eğlence,N
1135895,Rete Biella Tv,7,Associazione Alpi tv,Eğlence,N
1028698,Rhoma Irama,6,ghozien,Eğlence,N
1220610,Rien TV Star,0,RIEN TV STAR,Eğlence,N
1209626,Rings Challenge,7.8,Desoline Inc.,Oyunlar,N
1136748,Ringside Network,0,Ringside,Eğlence,N
1091112,Ritmo 80,6,Fluidstream,Eğlence,N
1132492,Rivolut Player,6,rivolut player ,Eğlence,N
1101171,RmPlay,0,EiTV,Eğlence,N
1243428,Road Runner TV,10,Road Runner TV,Eğlence,N
9156,RockSwap Adventures,6.4,Accedo Broadband AB,Oyunlar,N
239689,Rocket Jump,7.8,Advanced Mobile Applications Ltd.,Oyunlar,N
1241414,Rocket TV,5.6,Ferie TV,Eğlence,N
1063116,Romania Live,0,TVRomaniaLive,Eğlence,N
1226742,Romania Pro TV,0,Romania Pro TV,Eğlence,N
1118791,RoomIPTV,6.8,Technoware,Eğlence,N
1160146,Rox play,0,EiTV,Eğlence,N
1230846,RoyPlayer,10,RoyPlayer,Eğlence,N
951264,Roya,7.3,Roya Media Group,Eğlence,N
950940,Royal IPTV,5.7,Isidev,Eğlence,N
1214172,Royal IPTV 2,10,Isidev,Eğlence,N
1198409,Royal Opera House Stream,0,Royal Opera House Covent Garden Foundation,Eğlence,N
955007,Rudaw TV,8,Rudaw Media Network,Haber/Bilgi,N
1224086,Rugby Kickoff,0,Omshy Inc.,Oyunlar,N
1063274,Russia Live,6,TVRussiaLive,Eğlence,N
1242086,Russian TV: Watch Online,6,Limex,Eğlence,N
1217715,S.S. Lazio TV,0,HiWay Media,Eğlence,N
1238836,SABC+,0,SABC,Eğlence,N
1236745,SAFF+,0,Saudi Arabian Football Federation,Eğlence,N
452857,SATV Free M3U Player,4.7,Binary Integrated Solutions,Eğlence,N
1228009,SCB NEXT,0,SC Braga,Eğlence,N
1245952,SEE IPTV,0,SEE IPTV,Eğlence,N
1244979,SET Play,0,EiTV,Eğlence,N
1168665,SHASHA,0,SHASHA,Eğlence,N
1205759,SHG Living,0,SHG Living,Eğlence,N
950704,SKAT,0,SKAT TV,Eğlence,N
473755,SKWAD,8.5,"Toon Goggles, Inc.",Eğlence,N
1234753,SKYLINE,0,SKYLINE,Eğlence,N
472130,SKYNET TV,6.8,Call Master LLC,Eğlence,N
1233984,SLAPPIN TV,0,ISG GO,Eğlence,N
1162915,SOL Play,6,EiTV,Eğlence,N
1032569,SOOP,6,"SOOP Co., Ltd.",Eğlence,N
1238586,SP2 TV,0,EiTV,Eğlence,N
1177499,SPFC Play,0,EiTV,Eğlence,N
240392,SPG,7.3,Busidol,Oyunlar,N
1244793,SPRO SMART,0,SPRO SMART,Eğlence,N
1201117,SPlay,0,Media content production and broadcast,Eğlence,N
339090,SS IPTV,6.7,SS IPTV Team,Eğlence,N
1240953,SS-STREAMING TV,10,SS STREAMING TV,Eğlence,N
1023425,SSportPlus,7,Saran Internet Televizyon Yayıncılık A.Ş.,Eğlence,N
1236464,STAGE+,0,Deutsche Grammophon GmbH,Eğlence,N
1237337,STAR IPTV,4.8,OTT ,Eğlence,N
360956,"START: Watch movies, TV series",6.6,Start.Ru LLC,Eğlence,N
1241838,STREAM PLAY,0,STREAM PLAY,Eğlence,N
1238291,STZ Player,0,OTT ,Eğlence,N
1082407,SURAM,0,Suram,Eğlence,N
464319,SWEET.TV,6.2,VAN Group,Eğlence,N
467885,SX3,8.6,CCMA S.A.,Eğlence,N
1225756,Sailing TV,0,Bright Data,Yaşam,N
1222939,Sainaplay,0,Saina Infotainments Pvt Ltd,Eğlence,N
1243027,Salamtvip,10,Salamtvip,Eğlence,N
1207754,Salem News Channel,0,Salem Media Group,Haber/Bilgi,N
1108621,Sama Flix,0,samaflix,Eğlence,N
1247782,Sanatan Satya,0,Sanatan Satya,Eğlence,N
1216370,Sanatana Satya TV,0,Sanatana Satya TV,Eğlence,N
1235560,Santa Rush,10,Omshy Inc.,Oyunlar,N
957873,Sapphire,0,Muvi Entertainment Pvt Ltd,Eğlence,N
1241545,Satisfying TV,0,Bright Data,Eğlence,N
1238613,Satlive Player,0,Satlive Player,Eğlence,N
1229167,Saturn TV,6,DELISOFT FZCO,Eğlence,N
1175022,SaudadeFM,7.3,Saudade FM,Haber/Bilgi,N
1221893,Scandic IPTV Player,0,OTT ,Eğlence,N
1126342,Scare TV,0,Castify.ai,Eğlence,N
1133112,Schlager Radio,0,radio B2 GmbH,Yaşam,N
1211869,Science and robots,0,Invisionery Media,Eğlence,N
1050845,Screach TV,0,Screenreach Interactive Ltd,Eğlence,N
1230487,Screen IPTV,0,SCREEN IPTV,Eğlence,N
1076544,Screen iL,6,Stream iL Inc,Eğlence,N
1208312,Screensave the planet,0,Bright Data,Eğlence,N
1237304,Screensaver Collection,0,Bright Data,Eğlence,N
1241373,Script TV,0,Script Network,Eğlence,N
1238934,SeaWorld Hunter,10,Desoline Inc.,Oyunlar,N
1204253,Seattle Symphony+,0,Seattle Symphony,Eğlence,N
1050898,Sedition Art,0,Sedition Ltd,Yaşam,N
1130338,SeeTV,4,Evrokom Carevec,Eğlence,N
258485,Selecta,6.7,musicbrokers,Eğlence,N
1219953,Selfie Cam,8,IPIXEL Corp.,Yaşam,N
100063,Selfish Giant by Oscar Wilde,5.6,ipadizer,Eğlence,N
1219816,Selkirk Pickleball TV,0,Selkirk Sport LLC,Eğlence,N
177541,Selknam Defense,6.8,sganaf,Oyunlar,N
1214254,Selling,3.3,OTT ,Eğlence,N
1139505,SemFronteirasTV,0,EiTV,Eğlence,N
1240981,Seminoles Unconquered,0,Connected Television Group,Eğlence,N
1230589,Senegal IPTV,0,Senegal IPTV,Eğlence,N
1236564,Servicio Tecnico Los 3,0,Servicio Tecnico Los 3,Eğlence,N
999934,Set iptv,6.2,setsystem,Eğlence,N
1235574,Seta Player,0,jaroiptv,Eğlence,N
456767,SevillaFC,6,Sevilla FC,Eğlence,N
247382,Seznam.cz,6.4,Seznam a.s.,Eğlence,N
1236919,Sh Player,6,masa it services,Eğlence,N
456233,Shahid,6.7,MBC Group,Eğlence,Y
1226185,Shamuna Pro,10,Shamuna Pro,Yaşam,N
1238595,Shark Maze,0,Omshy Inc.,Oyunlar,N
957816,Sheet music boss,6.9,myCast TV,Eğlence,N
980792,ShemarooMe,0,Shemaroo,Eğlence,N
1227893,Shesh Besh,10,Omshy Inc.,Oyunlar,N
1245103,Shiv Shakti Naag Mandir,10,Shiv Shakti Naag Mandir,Eğlence,N
1196089,Shofha,0,Arpu,Eğlence,N
1209357,Shoof,0,Alkass,Oyunlar,N
142,Shoot The Arrow,3.1,UANGEL,Oyunlar,N
241563,Shoot The Doll,6.4,(주)나비소프트,Oyunlar,N
1153079,Short Box TV,0,Castify.ai,Eğlence,N
1245422,Shri Datta Hanuman Mandir,0,Shri Datta Hanuman Mandir,Eğitim,N
1220207,Silecstv,0,Silecs - VOD d'apprentissage,Eğitim,N
1120077,Silly Sammy Screensaver,4,sawyerique,Eğlence,N
1247395,SilveRose Xtream,0,SilveRose Xtream,Eğlence,N
1227991,Simba Player,7,SIMBA PLAYER ,Eğlence,N
1212395,Simplware,0,Simplware,Eğlence,N
1007010,SimplySouth,0,Simply South,Eğlence,N
1231381,SitelcoTV,0,SitelcoTV,Eğlence,N
1221388,SivooTV+,0,Sivoo,Eğlence,N
1206837,Skeet challenge,6.9,Desoline Inc.,Oyunlar,N
1224354,Ski Extreme,10,Bright Data,Eğlence,N
1222165,Sky Fighter,6.8,Omshy Inc.,Oyunlar,N
1140134,Sky Media Player,7,Sky Tech,Eğlence,N
966459,Sky News Arabia,0,Sky News Arabia ,Haber/Bilgi,N
1215461,Sky Play Plus,0,Sky Play Plus,Eğlence,N
1242290,Skybound Dragon,0,Omshy Inc.,Oyunlar,N
296936,Slam Dunk Basketball,4.9,플레이빈 주식회사,Oyunlar,N
1218686,Sleep Sounds,0,TMSOFT,Yaşam,N
1220948,Sliding Bricks,10,Desoline Inc.,Oyunlar,N
459410,SlowChannel,0,DIGITAL,Yaşam,N
356947,Smart Cricket,6.2,"Zhang Place Lab Co., Ltd",Oyunlar,N
192980,Smart Cricket Challenge,6.3,Indiagames Ltd.,Oyunlar,N
230153,Smart Cricket Challenge,2.9,Indiagames Ltd.,Oyunlar,N
973444,Smart HDTV,5.9,North Vest Union,Eğlence,N
2626,Smart Help(English),10,lgsmarttv,Haber/Bilgi,N
109556,Smart IPTV,6.4,needz,Eğlence,N
209429,Smart IPTV,6.9,needz,Eğlence,N
1215450,Smart IPTV Play,0,Smart IPTV Play,Eğlence,N
1116382,Smart Plus,0,HCC ,Eğlence,N
446876,Smart STB,5.7,Olena Trading,Eğlence,N
1232335,Smart STB+,10,Olena Trading,Eğlence,N
1098301,Smart Screen Saver,0,WebOScoder,Eğlence,N
1228150,Smart TV,6,Smart TV,Eğlence,N
1006707,Smart TV Club,7.4,Anigan SIA,Eğlence,N
1229592,Smart Wow,0,Smart Wow,Eğlence,N
1212089,Smart way,0,Topthinkize,Eğlence,N
1060428,SmartCast,6.4,Maxx-XS BV,Eğlence,N
1094322,SmartOne IPTV,6,Smart Apps,Eğlence,N
4094,SmartPoker,6.2,LGESP,Oyunlar,N
1030,SmartTruco,6.2,LGESP,Oyunlar,N
1242760,Smarters Premium,0,Smarters Premium,Eğlence,N
1158238,Snake,7.7,MlvFun,Oyunlar,N
1210954,Snake Attack,8,Desoline Inc.,Oyunlar,N
1202630,Snake Game,7.1,Desoline Inc.,Oyunlar,N
1039201,SnapTV IL,0,Castify.ai,Haber/Bilgi,N
341047,Sneaky Snaeky,7.1,homemadecode,Oyunlar,N
949486,Snow Battle,6.6,Retinmount s.r.o.,Oyunlar,N
1245915,Snow Racer,0,Omshy Inc.,Oyunlar,N
474185,SoPlayer,2,devs4hire,Eğlence,N
1220149,Soccer pong,9,Omshy Inc.,Oyunlar,N
1224370,Soccer world,0,Bright Data,Eğlence,N
1229106,Solopreneur,0,Solopreneur,Eğlence,N
1241496,Sonar,0,RDF Media,Eğlence,N
473013,Soul TV,6.5,SOULTV,Eğlence,N
1230640,Space Jump,7.5,Bright Data,Oyunlar,N
1243235,Space Maze,6,Omshy Inc.,Oyunlar,N
1245272,Space Plinko,0,MlvFun,Oyunlar,N
1224127,Space Shooter,6,Gamebee Studio LLP,Oyunlar,N
1224581,Space Tetris,0,Desoline Inc.,Oyunlar,N
1231897,Space War,8.7,Bright Data,Oyunlar,N
1198677,Space runner,0,Omshy Inc.,Oyunlar,N
472705,Spacedog Yuri,6.9,Retinmount s.r.o.,Oyunlar,N
187361,Spacelights,6,emuse Technologies,Oyunlar,N
1221152,Speed Boat Racer,8.7,Omshy Inc.,Oyunlar,N
1203684,Spider Solitaire,6,Bright Data,Oyunlar,N
1243087,SpiderTV VIP,0,Spider,Eğlence,N
1226240,Sports News TV,0,Bright Data,Eğlence,N
1215655,Sports TV,0,Sports TV,Eğlence,N
1204630,SportsTv,10,sportstvPLATFORM,Eğlence,N
1237125,Sportscouch TV,0,SportscouchTV,Eğlence,N
1233595,Sportworld,0,B1SmartTV,Eğlence,N
143,Spot The Not,4,UANGEL,Oyunlar,N
368,Spot the Difference,7.7,LG CNS,Oyunlar,N
249717,Spotify - Müzik ve Podcast'ler,8.5,Spotify,Eğlence,N
1162189,Stab Premium,0,"Stab, llc",Eğlence,N
1228999,Stage24,2,Finnish National Opera and Ballet,Eğlence,N
1219826,StagePlayer+,0,PlayerPlus Ltd,Eğlence,N
458730,Stalker Player,4,Progressive Technology,Eğlence,N
951035,Star Fighter,6.7,Retinmount s.r.o.,Oyunlar,N
1225902,Star Play,0,Star Play,Eğlence,N
1241225,Star TV,0,Star TV,Eğlence,N
1237324,StarNet Pro,0,StarNet ,Eğlence,N
1226779,Stars and Stripes,0,Bright Data,Eğlence,N
1226265,Start Canais,0,Start Canais,Eğlence,N
1030385,Stay Home Fitness,6.3,alignedcode,Eğlence,N
1226243,Sticky Jelly,0,Omshy Inc.,Oyunlar,N
1230262,Stingray Karaoke,0,Stingray,Eğlence,N
466542,Store Keeper,7.2,Retinmount s.r.o.,Oyunlar,N
1239675,Stream flex,0,Stream flex,Eğlence,N
1228158,StreamNxt+,0,StreamNxt Entertainment Inc.,Eğlence,N
1231398,Streamify TV,6,TuPlay,Eğlence,N
1232067,Streamlabs,8,Streamlabs,Eğlence,N
1211514,Streammy,0,Fundozer LLC,Eğlence,N
1209635,Street basketball,7,Omshy Inc.,Oyunlar,N
1167100,Stremium,0,Stremium,Eğlence,N
1221466,Strin TV,0,Strin TV,Eğlence,N
1223582,Study IQ IAS,0,Study IQ IAS,Eğitim,N
1215210,Study Session [hip hop/chill beats],6,MlvFun,Eğlence,N
1245443,Subco TV,0,Subco TV,Eğlence,N
1247040,Submarine Adventure,7.6,Desoline Inc.,Oyunlar,N
141414,Sudoku,6.6,Accedo Broadband AB,Oyunlar,N
243522,Sudoku,6.3,NGINE NETWORKS,Oyunlar,N
1229463,Sudoku,10,Omshy Inc.,Oyunlar,N
1196332,Summer Verse,0,Mediaverse,Eğlence,N
456761,Sun NXT,8.4,SUN TV NETWORK LIMITED,Eğlence,N
1243910,Sunn Stream,0,Sunn Stream,Eğlence,N
1221540,Super Goalie,6,Bright Data,Oyunlar,N
1233374,Super Penguin,4,Omshy Inc.,Oyunlar,N
1048110,Super Screen Saver,7,WebOScoder,Eğlence,N
1245128,Super Skater,0,Omshy Inc.,Oyunlar,N
1241730,Super TV Pro,0,Super TV,Eğlence,N
1196437,Super Tetris,8,Desoline Inc.,Oyunlar,N
133850,Superball,6.4,LG RUSSIA R&D Lab,Oyunlar,N
1239086,Suplex TV,6,Suplex TV,Eğlence,N
1001852,Supreme Master TV,6,Supreme Master TV,Yaşam,N
1213154,Surfingers,9.2,Albert Games,Oyunlar,N
1131751,Surprise Joe,6.3,myCast TV,Eğlence,N
1248031,Sweet Bee,0,Desoline Inc.,Oyunlar,N
1235788,Sweet Merge,8,Wizard Games Inc,Oyunlar,N
1206558,Sweety Memory,0,Gameflix TV Games,Oyunlar,N
1214615,Swing Jetpack,10,Omshy Inc.,Oyunlar,N
1227007,Swipe Basketball,10,Omshy Inc.,Oyunlar,N
1226222,Sykology TV,0,Sykology TV,Yaşam,N
1160722,Symphony,0,Symphony Media BV,Eğlence,N
1229586,T Rex Chase,6.5,Omshy Inc.,Oyunlar,N
1239157,TB Smart,0,TB Smart,Eğlence,N
1083066,TBNplay,0,EiTV,Eğlence,N
1137379,TDMAX,0,Televisora de Costa Rica S.A.,Eğlence,N
1203263,TERRY IPTV,0,4thdimensionpartners Private Limited,Eğlence,N
189493,TG4,7.3,Teilifis na Gaeilge,Eğlence,N
1210335,THE CHESS,6.5,Busidol,Oyunlar,N
1234610,THE CHESS,0,Busidol,Oyunlar,N
1056518,TIDAL,7.6,Tidal Music AS,Eğlence,N
1230905,TIFF x DAN,0,Bright Data,Yaşam,N
963392,TMS player,2,TVIP LLP,Eğlence,N
1096191,TMW Radio,2,Fluidstream,Eğlence,N
1147531,TOD TR,4.2,Digiturk,Eğlence,N
1231556,TOPPLAY,0,TOPPLAY,Eğlence,N
1188633,TPG Impact Television,0,Castify.ai,Eğlence,N
1188626,TPG Into The West,0,Castify.ai,Eğlence,N
1198259,TR Play,0,Pubblisole spa,Haber/Bilgi,N
1224337,TRACKS - Music streaming,10,clesson,Eğlence,N
1048299,TRM - Player,0,TRM,Eğlence,N
1057035,TV5MONDEplus,0,TV5MONDE,Eğlence,N
1243076,TV Brasil Alemanha,10,Alexandre Porfirio,Haber/Bilgi,N
334696,TV Cast - Screen Mirroring,5.3,2kit consulting,Eğlence,N
1233687,TV Connect USA,0,EiTV,Eğlence,N
1226084,TV Express,0,TV Express,Eğlence,N
1241840,TV HOUSE,0,TV HOUSE,Eğlence,N
206237,TV Her Yerde,5.6,Turksat,Eğlence,N
2715,TV Hockey,6,LG RUSSIA R&D Lab,Oyunlar,N
3774,TV Hockey 2,5.9,LG RUSSIA R&D Lab,Oyunlar,N
1060782,TV Iliria,0,Iliria IPTV,Eğlence,N
1214775,TV MIDTVEST Play,0,TV MIDTVEST,Haber/Bilgi,N
1096926,TV Martí +,9.3,U.S. Agency for Global Media,Haber/Bilgi,N
1220981,TV PLAY,5,Multiapps,Eğlence,N
1240966,TV PLUS,0,TV PLUS,Eğlence,N
1239672,TV Play 4k,0,TV Play 4k,Eğlence,N
1227808,TV Player,7,Classe TV,Eğlence,N
1242344,TV Plus 4K,0,TV Plus 4K,Eğlence,N
1222753,TV Plus Player,10,TV Plus Player,Eğlence,N
278493,TV Pool,6.7,LG RUSSIA R&D Lab,Oyunlar,N
1221750,TV Pro Plus,10,TV Pro Plus,Eğlence,N
214390,TV Soccer,6.2,LG RUSSIA R&D Lab,Oyunlar,N
1052269,TV+,7,LIFECELL TV YAYIN VE İÇERİK HİZMETLERİ A.Ş.,Eğlence,N
1165475,TVANETPLAY,0,TVANET PLAY,Eğlence,N
960116,TVB Anywhere+,0,TVB Anywhere Limited,Eğlence,N
467968,TVCOM,6.5,OOO TVPLUS,Eğlence,N
1124813,TVCOM TV,6,TVCOM,Eğlence,N
1021246,TVCast Plus,6.4,TVCast,Yaşam,N
1234557,TVEI,6,Gizmeon,Eğlence,N
1234498,TVIP Player,10,Harmo iptv,Eğlence,N
1213911,TVNET TV,6,TVNET,Eğlence,N
1214893,TVONYX,0,The Onyx Streaming Network,Eğlence,N
1216124,TVRPLUS,0,Bogdan Parcanschi,Eğlence,N
1220367,TVS,10,Multiapps,Eğlence,N
1131059,TVZone,6,Helpnet.lt,Eğlence,N
983785,TVizio,3.5,TVizio BG,Eğlence,N
469590,Tacks,8.4,Retinmount s.r.o.,Oyunlar,N
1046679,Talkies TV,10,Swayam Prabha Entertainment & Productions,Eğlence,N
1127915,Tamasha TV,0,Tamasha TV,Eğlence,N
1191982,TangoTV,0,Rievoluzione,Eğlence,N
3446,Tanks,6.5,LG RUSSIA R&D Lab,Oyunlar,N
125488,Tanks II,6.8,LG RUSSIA R&D Lab,Oyunlar,N
469146,Tarmac Race,6.9,Retinmount s.r.o.,Oyunlar,N
455,Tarot,10,UANGEL,Eğlence,N
1067676,Tasty TV,0,Castify.ai,Eğlence,N
1057729,Tea Time with Tayla,6,myCast TV,Eğlence,N
453156,Teatrix,5.8,Teatrix,Eğlence,N
1238769,Teca Tv - Movies and More,0,NEW WORLD TECHNOLOGY,Eğlence,N
1223651,Tech and Science TV,0,Bright Data,Eğlence,N
1092931,Techcom Movies,0,EiTV,Eğlence,N
1231180,TeleSat TV,0,TeleSat TV,Eğlence,N
341123,TeleUP,4.7,TeleUP,Eğlence,N
949427,TeleUpBrasil,4,TeleUP,Eğlence,N
949425,TeleUpMil,10,TeleUP,Eğlence,N
1221810,Telebreeze,0,Telebreeze Corporation,Eğitim,N
1134219,Telecittà,6,Fluidstream,Eğlence,N
991844,Telecola,10,PRESENTOR LIMITED,Eğlence,N
1137567,Telecolor,10,Fluidstream,Yaşam,N
448000,Telepark.TV,0,Telepark IPTV,Eğlence,N
332522,Teleport,3.2,alignedcode,Eğlence,N
1217787,Televen Stream,0,Mediablocks LLC,Eğlence,N
1071162,Televika,8.3,Ereele GmbH,Eğlence,N
1222035,Television Fusion,0,Television Fusion,Eğlence,N
1208192,Temple Quest,7.3,Inlogic Software s.r.o.,Oyunlar,N
987048,Tennis TV,6.6,ATP Media,Eğlence,N
1010094,Tentime,10,TenTime,Eğlence,N
1204819,Tera TV,0,EiTV,Eğlence,N
1213749,TerryPlayer,6,Terry Player,Eğlence,N
273575,Tetris,5.1,moggiozzi,Oyunlar,N
1214323,TevisTV,0,Tevis TV,Eğlence,N
1240983,Texas A&M University,10,Connected Television Group,Eğlence,N
142234,Texas Hold'em,6.4,Accedo Broadband AB,Oyunlar,N
1145510,The Austria Channel,0,MEGASTREAM,Yaşam,N
464928,The Berlin Wall,6.4,Retinmount s.r.o.,Oyunlar,N
1192489,The Box Lacrosse Channel,10,Castify.ai,Eğlence,N
1204109,The Chess,0,Busidol,Oyunlar,N
1204111,The Chess,0,Busidol,Oyunlar,N
1083335,The Clucking Chickens: The Great Egg Catch,8,sawyerique,Oyunlar,N
1106572,The College Tour,0,The College Tour,Eğitim,N
1234819,The DSR Network,0,Gizmeon,Haber/Bilgi,N
1236751,The Eskimo Boy,8,Desoline Inc.,Oyunlar,N
1219789,The HHN TV,0,Gizmeon,Eğlence,N
136417,The Karaoke Channel,4.7,Stingray,Eğlence,N
1146356,The Kids Channel,8,Castify.ai,Eğlence,N
1143482,The Pop Stream,0,thepopstream,Eğlence,N
1222552,The Sorcerer,8.7,Desoline Inc.,Oyunlar,N
1157218,The Stephen Gillen Crime Files,0,Castify.ai,Eğlence,N
1221242,The Trivia Game,0,Wizard Games Inc,Oyunlar,N
163048,The Weather Network,6.5,The Weather Network,Haber/Bilgi,N
295027,The Weather Network,9,The Weather Network,Haber/Bilgi,N
1175863,The Yachting Channel,10,MEGASTREAM,Yaşam,N
1209591,The gold miner,8,Omshy Inc.,Oyunlar,N
3690,Think 'n Draw,3.3,LGESP,Oyunlar,N
1241431,Three Card Trick,0,Desoline Inc.,Oyunlar,N
1202604,Three-card Monte,8,Desoline Inc.,Oyunlar,N
1212843,Thundernet TV GO,0,Publicidad Multimedia,Eğlence,N
1011525,Tibo Tv,0,Tibo Usa LLC,Eğlence,N
1196442,Tic Tac Toe,9.7,Desoline Inc.,Oyunlar,N
1241121,Tic Tac Toe Blast,10,Bright Data,Oyunlar,N
1081764,TikTok TV,7.8,TikTok,Eğlence,N
1208146,Timberman,10,Albert Games,Oyunlar,N
1086394,Time for The Chickens to go to Sleep,9.3,sawyerique,Eğlence,N
1204401,Timer,0,LbbApp Group,Yaşam,N
1243089,Tiny Soccer,8.7,Desoline Inc.,Oyunlar,N
1104028,Tips,0,LGE,Yaşam,N
1213740,Tips,0,LGE,Yaşam,N
1236057,TitaniumPlayer,0,OTT ,Eğlence,N
117963,Tivibu GO,5.4,TTNET A.S.,Eğlence,N
315193,Tivibu GO,5.8,TTNET A.S.,Eğlence,N
1196272,Tivizon,6.3,Tivizon Dijital Platform İşletmeciliği Anonim Şirketi,Eğlence,N
1081727,Tiyatronet,6,Tiyatronet,Eğlence,N
1216571,Tokyo Run,9,Omshy Inc.,Oyunlar,N
1159002,Toober,0,Toober Inc.,Eğlence,N
1000569,Toobys,8,myCast TV,Eğlence,N
1140526,Toog,10,AMS ART MEDİA PRODÜKSİYON İTHALAT İHRACAT VE SANAYİ LİMİTED ŞİRKETİ,Eğlence,N
214299,Toon Goggles,8.4,"Toon Goggles, Inc.",Eğlence,N
1212309,Tooncartoon,6,AstrumEdgeMedia Ggroup,Eğlence,N
1145761,Top Rated Movies,6,Castify.ai,Eğlence,N
1116811,Total Network,0,Castify.ai,Eğlence,N
1215374,Totti Player,0,Totti Player,Eğlence,N
1144006,Touch TV,0,More Screens,Eğlence,N
1229318,Tout-Inclus Tv Online,0,Tout-Inclus Tv Online,Eğlence,N
1235436,Tower Boxer,8,Inlogic Software s.r.o.,Oyunlar,N
1023019,Toy Stories,7.6,myCast TV,Eğlence,N
1023014,Toy Trains 4u,5.5,myCast TV,Eğlence,N
1099286,Trend Wave,0,Castify.ai,Eğlence,N
1236574,Triade,0,Triade,Eğlence,N
329732,Tribute to XONIX,8.6,lexkar,Oyunlar,N
1128929,Tring,0,TringTV,Eğlence,N
1005903,Truecut,6,Pixelworks,Eğlence,N
1221687,Tu Cuenta Premium,0,Tu Cuenta Premium,Eğlence,N
1230235,Turan Player,0,Turan Player,Eğlence,N
1101013,Turk Live,6.1,Turk Live,Eğlence,N
953283,Turkish TV Channels,4.5,IMA Int Media Arts,Eğlence,N
1222193,"Turkuvapp: Dizi,Program,Müzik",10,Turkuvaz Haberleşme ve Yayıncılık A.Ş.,Eğlence,N
1223540,Turn,0,Castify.ai,Eğlence,N
1247775,Turtle Adventure,0,Bright Data,Oyunlar,N
1242937,Turtle Treasure Hunt,0,MlvFun,Oyunlar,N
1188871,TviPlayer,2,"Media Capital Digital, S.A.",Eğlence,N
1182576,Tvmia,6,Tvmia International Corp,Eğlence,N
1215965,Tvoya TV,0,Tvoya TV,Eğlence,N
1206378,Twin the bin,7.3,Desoline Inc.,Oyunlar,N
1004947,Twitch,8.1,Twitch,Eğlence,Y
1158117,UCL TV,0,Castify.ai,Eğlence,N
1239179,UEN,0,Urban Edge Network,Eğlence,N
196062,UFC,6.6,UFC,Eğlence,Y
139234,UFO liked,6.3,(주)초록별,Eğitim,N
467861,UHD Fireplace,4.8,davidxo,Yaşam,N
1223530,UK IPTV 4K,8,UK IPTV 4k,Eğlence,N
270407,UNO IPTV,4.5,unoiptv,Eğlence,N
951632,UNiTV,7.2,UltraNET Ltd,Eğlence,N
1241700,UPlay+,0,Uni Internet,Eğlence,N
1213914,USA Swimming,0,Connected Television Group,Eğlence,N
1157054,UTM Play,0,utmplay,Eğlence,N
1246137,UTMPRO,0,utmplay,Eğlence,N
1210677,UTVPLAYPLUS,0,EiTV,Eğlence,N
1087539,Uhunt - Hunting & Fishing,4,Bristle Busters,Eğlence,N
1228752,Ultimate Swish,10,Desoline Inc.,Oyunlar,N
1234418,Ultimate Tictactoe,0,MlvFun,Oyunlar,N
1222699,UnTV Player,0,UnTV Player,Eğlence,N
470711,Unblock It,6.5,Retinmount s.r.o.,Oyunlar,N
1226576,UniTV,0,UniTV,Eğlence,N
1218479,Unico Play: Movies and Series,6,Tor-Media LLP,Eğlence,N
426,Unit Convertor,4.7,UANGEL,Yaşam,N
1229110,Universe TV,0,Universe TV,Eğlence,N
1206359,Univesp Play,0,EiTV,Eğitim,N
1177468,Unreel,0,Castify.ai,Eğlence,N
465253,Urban Ninja,6.7,Retinmount s.r.o.,Oyunlar,N
957977,Urban Ninja 2,7,Retinmount s.r.o.,Oyunlar,N
1236172,Urban Ninja 2,8.7,Retinmount s.r.o.,Oyunlar,N
1053227,Urban Play,9,EiTV,Eğlence,N
1204692,Ustreme,0,JR Media Ltd,Eğlence,N
1231008,V Player,2,Adsie,Eğlence,N
1235554,VASARI - Akış Sanatı,6.5,Filetrack Inc,Eğlence,N
1147324,VB33,6,Fluidstream,Yaşam,N
1126085,VBS Television - Vietnamese TV,0,Tulix Systems,Yaşam,N
1241221,VELOZ PLAY,0,VELOZ PLAY,Eğlence,N
1228708,VENEVISION PLAY,0,Immergo,Eğlence,N
1242529,VIVO+,6,TCC Uruguay,Eğlence,N
1212556,VNT PLAY,0,EiTV,Eğlence,N
1072227,VOA+,8,U.S. Agency for Global Media,Haber/Bilgi,N
1192678,VOLE,0,Vole Teknoloji A.S.,Eğlence,N
1238762,VOO,0,Mobinet LLC,Eğlence,N
1243409,VPREMIUM,2,VPREMIUM,Eğlence,N
1104970,VU tv+,0,Vumedia,Eğlence,N
1204728,VUX Player,0,4thdimensionpartners Private Limited,Eğlence,N
1156674,Vav Tv,8,Turkuvaz Haberleşme ve Yayıncılık A.Ş.,Eğlence,N
1220662,Vega Player,2,OTT ,Eğlence,N
1233723,Vesta Stream,0,Vesta Stream Studios,Eğlence,N
176886,ViNTERA TV,6.6,ViNTERA.TV LLC,Eğlence,N
1215466,ViP,0,ViP,Eğlence,N
4173,Viaway. International TV - Video - Radio Entertainment,4.4,"Viaway, Inc",Eğlence,N
1024996,VidFlow,0,"WedFlow, Inc.",Yaşam,N
1240191,Video Pranks,0,Bright Data,Eğlence,N
1211558,Videofan,0,Fundozer LLC,Eğlence,N
981540,Vidio,6.8,PT. Vidio Dot Com,Eğlence,N
473397,VieON,0,VieON,Eğlence,N
1124350,Viet Procast,10,Relentless Innovations LLC,Yaşam,N
1175679,"Viki: Asian Dramas, Movies and More",6,"Viki, Inc.",Eğlence,N
1196590,Vindral Demo,0,RealSprint,Eğlence,N
1127443,Virginia Player,8.5,Soft ltd,Eğlence,N
1220667,Virtual Cycling World,0,ProArtInc.,Yaşam,N
1206347,VirtualVidyapith Teach & Learn,0,Virtual Guru Vidyapith Pvt. Ltd.,Eğitim,N
1246250,VirtualVista,0,Bright Data,Eğlence,N
1217802,Viseo,0,Pickuick,Eğlence,N
1230213,Vision 4k,0,Vision 4K,Eğlence,N
1244784,Vista TV,0,Vista TV,Eğlence,N
1233569,VivaCTV,0,vivactv,Eğlence,N
1236072,Vivo Azzurro TV,0,Interactvty,Eğlence,N
1236384,Vivo Player,0,VivoPlayer LLC,Eğlence,N
1246911,Vixon,0,Vixon,Eğlence,N
345718,Vizbee,5.3,Vizbee Inc,Eğlence,N
1238599,Vizzion Play,0,OTT ,Eğlence,N
1228868,Vodex Player,10,KBS,Eğlence,N
1247932,Voice Over Radio TV,6,Full HD Streaming,Eğlence,N
1213981,Vu Player Pro,2,Vu Player Pro LTD,Eğlence,N
1127328,VvTv,6,Relentless Innovations LLC,Yaşam,N
1000770,WATCH IT,8,WATCHIT,Eğlence,N
1242339,WE IPTV,0,WE IPTV,Eğlence,N
1065101,WEVERSE,6.9,WEVERSE COMPANY,Eğlence,N
1132546,WEY,7.3,Cygnuslda,Eğlence,N
1105729,WIDO,0,SONATEL,Eğlence,N
951753,WION News,0,Zee Media Corporation Limited,Haber/Bilgi,N
1202500,WMK Player,9.6,MKIPTV,Eğlence,N
299872,WWE Network,6.3,World Wrestling Entertainment,Eğlence,N
1228594,Waffle,10,Desoline Inc.,Oyunlar,N
998590,Waka TV,2,HCC ,Eğlence,N
1234216,Wakeboard Challenge,0,Omshy Inc.,Oyunlar,N
465845,Wal Venture,6.6,Retinmount s.r.o.,Oyunlar,N
1072657,Walks Around Britain,6,myCast TV,Eğlence,N
1230297,Wantrepreneur,0,Wantrepreneur ,Eğlence,N
1166155,Wapp TV,6,Multiapps,Eğlence,N
1205132,War Of Snake,9,MlvFun,Oyunlar,N
136183,WarFly,6,excolt,Oyunlar,N
1228161,Warez,0,Warez,Eğlence,N
1240299,Warlord Tank,8.3,Klebo,Oyunlar,N
957250,Wassa,7.2,lynktecelcom,Eğlence,N
1211957,Watch & cook,0,Topthinkize,Eğlence,N
1222440,Watch APEX (Artist Presented Experiences),0,APEX,Eğlence,N
1211690,Watch me,0,Invisionery Media,Eğlence,N
1174650,WatchDingo,6,WatchDingo,Eğlence,N
239709,Water Blast,8,Advanced Mobile Applications Ltd.,Oyunlar,N
1185361,Water Craft,7.3,Bright Data,Oyunlar,N
1215606,Wave Play,0,Wave Play,Eğlence,N
1231839,Wave Rider,6,Omshy Inc.,Oyunlar,N
1101936,Wawkalak TV,0,Castify.ai,Eğlence,N
1204696,Waypoint TV,10,Waypoint,Eğlence,N
1222852,We Are Tottenham TV,7,Castify.ai,Eğlence,N
1126014,WeTV,0,Image Future Investment (HK) Limited,Eğlence,N
134051,WeatherNation,7.1,"WeatherNation TV, Inc",Haber/Bilgi,N
319179,WeatherNation,7,"WeatherNation TV, Inc",Haber/Bilgi,N
958434,Web Video Caster,6.1,InstantBits Inc,Eğlence,N
1144044,Weplay Music TV,0,EiTV,Eğlence,N
1204067,Western TV & Movie Classics,0,Castify.ai,Eğlence,N
1174950,WesternFlix,4,Castify.ai,Eğlence,N
149477,Whacky Escape free,5.9,IguanaBee,Oyunlar,N
1238657,Wicked Daisy,0,MlvFun,Oyunlar,N
1199064,Widekhaliji,0,Interactive Media Solution LLC,Eğlence,N
1233798,Wild Rescue,0,Bright Data,Eğlence,N
1111165,WildEarth,2,WildEarth Group Limited,Eğitim,N
1108718,WincloudCMS,0,Win Solution AS,Eğlence,N
187424,Wind Raiders,6.1,nemoris,Oyunlar,N
359021,Window 1,3.3,XSTAR,Yaşam,N
359031,Window 2,4.3,XSTAR,Yaşam,N
1242298,Window TV,4,XSTAR,Yaşam,N
1018203,WindowSight,5.2,WindowSight ,Eğlence,N
449,Wine Sound,4,UANGEL,Eğlence,N
1238654,Winged Gladiator,0,MlvFun,Oyunlar,N
1223469,Wings Play,0,Wings Play,Eğlence,N
1156662,Wise IPTV Player,7.1,Digit Solutions LTD,Eğlence,N
1234331,Witch Hunt,8,Omshy Inc.,Oyunlar,N
1236826,Witch Swing,2,Bright Data,Oyunlar,N
1243037,Wizzi TV,0,Wizzi TV,Eğlence,N
1242871,Woda TV,0,Woda TV,Eğlence,N
1230556,Women's Sports,6.7,Bright Data,Eğlence,N
4122,Wordmonster CAR set,6.6,(주)드림판다,Eğitim,N
4129,Wordmonster Fruit set,6.2,(주)드림판다,Eğitim,N
4130,Wordmonster Sweets set,6.7,(주)드림판다,Eğitim,N
1229117,World Recipes,0,Bright Data,Yaşam,N
1230043,World Review,0,Bright Data,Haber/Bilgi,N
1227882,World Travel TV,0,Bright Data,Yaşam,N
1216466,World Vision IPTV,0,World Vision IPTV,Eğlence,N
1171292,World on APP,0,BBTV,Eğlence,N
1216958,Wothan The Barbarian,10,Desoline Inc.,Oyunlar,N
1055812,Wu Tang Collection,6,Golden Media Group Inc,Eğlence,N
1202880,0X0 Tic Tac Toe,8.2,Bright Data,Oyunlar,N
1232874,X17online,0,Bright Data,Eğlence,N
1246004,X Circle Challenge,0,MlvFun,Oyunlar,N
1238916,X IPTV,0,X IPTV,Eğlence,N
1239091,X MEGA,0,X Mega,Eğlence,N
1236347,X TV,0,X Corp,Eğlence,N
1184638,X-Celente Play,0,EiTV,Eğlence,N
1206544,XBPlay - Remote Play for Xbox,2,Studio08 Development,Eğlence,N
1199750,XCloud TV,5.4,OTT ,Eğlence,N
1229217,XCloud TV Pro,0,XCloud TV,Eğlence,N
1228164,XD PLAYER GO,10,XD Player Go,Eğlence,N
1230384,XDGO,6,OTT ,Eğlence,N
1087206,XMSproITV,0,joekayrouz,Eğlence,N
1240798,XOTT Player,0,xott meadlware,Eğlence,N
1237589,XOX Challenge,8,Omshy Inc.,Oyunlar,N
1198085,XPTV 1,0,XPTV Global,Eğlence,N
309154,XPlay,5.8,bublikoff,Eğlence,N
1107481,XPlay v3,0,bublikoff,Eğlence,N
1223389,XPlore Player,0,XPlore Player,Eğlence,N
462604,XTV GO,4,HTV EOOD,Eğlence,N
1229077,XUI IPTV Player,8.8,tvplayers.net,Eğlence,N
1198196,Xmas Tree,6.3,tvgame.dev,Yaşam,N
1046891,Xmedia Plus,6,MT PLAY,Eğlence,N
1234694,Xplus App,0,Xplus App,Eğlence,N
1174624,Xplus Prime,0,Xplus,Eğlence,N
1202572,Xponential+,6,"Xponential Fitness, LLC",Yaşam,N
1239427,9Xtream,6,9Xtream,Eğlence,N
1247786,Xtream UI,0,Xtream UI,Eğlence,N
1248323,Xtream UI IPTV,0,Xtream UI IPTV,Eğlence,N
1220867,XtreamUI TV,8,Xtream UI TV,Eğlence,N
1231224,YOUKU,0,Jet Brilliant Limited,Eğlence,N
289432,Yandex.Disk (Fotoğraf ve Videolar),7.2,Yandex,Eğlence,N
1237597,YeahLouTV,0,YeahLou TV,Eğlence,N
1243873,Yeti Blast,0,Omshy Inc.,Oyunlar,N
1241528,Yeti Swing,0,MlvFun,Oyunlar,N
1224449,Yoga TV,0,Bright Data,Yaşam,N
446,Yoga Trainer,2.8,UANGEL,Yaşam,N
1227132,Yoga With Krista,0,Bright Data,Yaşam,N
1230111,YogaSoul,0,Bright Data,Yaşam,N
1233754,YooLive.TV | Watch+Engage+Win,0,Mediachrome Srl,Eğlence,N
1019656,Yoola kids,5.1,Apptivise,Eğlence,N
95384,YouTube,7.9,YouTube,Eğlence,Y
950947,YouTube,10,"LG Electronics, Inc.",Eğlence,N
1221190,YouTube,0,YouTube,Eğlence,N
452973,YouZapp,5,International Interapp B.V.,Eğlence,N
1186186,Youkid,7,Youkid Productions,Eğlence,N
1162254,YourTV,0,Minerva Networks,Eğlence,N
1239552,YourTV Hosted,0,Minerva Networks,Eğlence,N
1039900,Youtube,0,LGE,Eğlence,N
1242731,Yow.tv,0,Yow TV,Eğlence,N
1207650,Yu2go,0,YU2GO,Eğlence,N
1226976,Yummy TV,0,Bright Data,Yaşam,N
70503,YuppTV,6.3,YuppTV USA Inc.,Eğlence,N
474049,ZEE5,10,Zee Entertainment Enterprises,Eğlence,N
1204487,ZMONES Cinema,10,Zmones Cinema,Eğlence,N
272458,Zappers,7.3,플레이빈 주식회사,Oyunlar,N
949895,Zaycev.FM,0,radiozaycev,Eğlence,N
470758,Zebra Crossing,6.6,Retinmount s.r.o.,Oyunlar,N
1214347,Zepheere TV,0,Zepheere,Eğlence,N
1168112,Zima,8,Roman Prokofyev,Haber/Bilgi,N
1068219,Zina TV,4,iSTAR,Eğlence,N
1230902,Zippy Pixie,6,Desoline Inc.,Oyunlar,N
1233801,Zoo Blast,7,Desoline Inc.,Oyunlar,N
1079410,Zoomi - Free Educational TV,7,myCast TV,Eğitim,N
3210,Zoood Alphabet & Number Chart,6.1,DNAML Pty. Ltd.,Eğitim,N
1229247,Zumba® App,0,"Zumba Fitness, LLC",Yaşam,N
465619,a-smart Takip ve Yönetim Sistemleri,4.7,ATEL Teknoloji ve Savunma Sanayi A.Ş.,Yaşam,N
998984,aha,2,Arha Media and Broadcasting Private Limited,Eğlence,N
458729,atv,6.9,Turkuvaz Haberleşme ve Yayıncılık A.Ş.,Eğlence,N
1202634,b.box app,6,Bulsatcom EOOD,Eğlence,N
1154566,baha Stocks,0,baha GmbH,Yaşam,N
958623,beIN Connect,5.9,Digiturk,Eğlence,N
447642,beIN SPORTS TR,6.9,Digiturk,Eğlence,N
1226763,besan Player,0,KBS,Eğlence,N
1222949,blinx,0,blinx,Eğlence,N
1027111,calculadora2e3,10,elvis2e3,Yaşam,N
1238573,clock o clock,0,clock o clock,Haber/Bilgi,N
1220075,clubiza games,10,Mobile Joypad,Oyunlar,N
1144574,coool.tv,0,Cooolbox AD,Eğlence,N
1064564,dream,0,Dream Smart,Eğlence,N
1235494,e360tv,0,E360TV,Eğlence,N
450853,eLifeON,10,Etisalat e&,Eğlence,N
1205917,etvwin,2,Eenadu Television Private Limited,Eğlence,N
1231804,experiHaus,0,ExperiHaus,Yaşam,N
1226900,fasttv.am,0,Fast Media LLC,Eğlence,N
1105140,fiwii,0,TV ISLA,Eğlence,N
997645,gjirafaVideo TV,7.5,"Gjirafa,Inc",Eğlence,N
1233501,grow,0,Bright Data,Eğlence,N
15466,iFood.tv,10,Future Today Inc.,Yaşam,N
248478,iFood.tv,7.2,"LG Electronics, Inc.",Yaşam,N
1133588,iKOFLIX,6,IKOMG,Eğlence,N
1209865,iLike Lite,0,Hadara,Eğlence,N
1171731,iONPlayer,2,4thdimensionpartners Private Limited,Eğlence,N
1215608,iPTV,7.3,iPTV,Eğlence,N
1064510,iQIYI,2, IQIYI INTERNATIONAL SINGAPORE PTE. LTD.,Eğlence,N
1156209,iRed IPTV,6,ICLEOM GROUP,Eğlence,N
1198611,iRozhlas,0,Český rozhlas,Haber/Bilgi,N
463990,iTV,6,LLC ALPHAZET TECHNOLOGIES,Eğlence,N
1231976,iTalk Studios,0,Bright Data,Eğlence,N
1209143,ibPlayer Pro,10,Kuailue-OTT-Team,Eğlence,N
1208590,iberaliaGO,0,Canales-Terra Media SL,Eğlence,N
1126451,iflix,0,Image Future Investment (HK) Limited,Eğlence,N
1239669,iptv 54,2,iptv 54,Eğlence,N
1246474,iptv smarter pro,6,iptv smarter,Eğlence,N
1203783,irdCast SDK Demo 02,10,IRDAS,Eğitim,N
1240154,ivaplayer,0,Jaro Media,Eğlence,N
454572,ivi,6.2,LLC IVI RU ,Eğlence,N
1232316,4k Arabic tv,0,4k Arabic tv,Eğlence,N
1205070,100k+ Songs - Stingray Karaoke,8.7,Stingray,Eğlence,N
1126070,kicker,8,Olympia-Verlag GmbH,Eğlence,N
1237886,kweliTV,6,"kweliTV, Inc.",Eğlence,N
1236898,legazy,0,legazy,Eğlence,N
1236743,libix,0,LIibyaFlix,Eğlence,N
1205358,365livesport,0,365livesport,Eğlence,N
471829,lobbyTV,0,Digital Signage Innovations Inc.,Haber/Bilgi,N
1202242,mPLAY TV,4.7,ott.Solutions,Eğlence,N
1183077,makrodigitalTelevision,0,MakroDigital,Eğlence,N
1124611,manoramaMAX,6,Manorama Max ,Eğlence,N
1058139,mapstv,6.5,theroam,Eğitim,N
1151306,matelko.TV,0,Virtuality s.r.o.,Eğlence,N
1083413,moTV.eu,0,moTV.eu s.r.o.,Eğlence,N
996549,moderntv,8,moderntv,Eğlence,N
1173478,mujRozhlas,0,Český rozhlas,Haber/Bilgi,N
464415,myTuner Radio,9.6,Appgeneration,Eğlence,N
1246180,oneplay pro,0,oneplay,Eğlence,N
1229506,orbixplay,0,OrbixPlay,Eğlence,N
1016258,playondiaspora,5,EiTV,Eğlence,N
449730,puhutv,6.4,Doğuş Digital,Eğlence,N
1213367,puhutv,8.6,Doğuş Digital,Eğlence,N
262606,radiotv.su - music portal 'Watch radio',6,a000123,Eğlence,N
1219007,rightclick,0,REMOTE ORIGIN s.r.o.,Eğlence,N
240126,sad eggs,7,(주)나비소프트,Oyunlar,N
356514,screenplay,4.9,The Paradigm Grid,Eğlence,N
98879,showtv,6.8,Cİner Yayın Holding,Eğlence,N
1246722,smarters dragon,2,smarters dragon,Eğlence,N
1229254,smartoneprotv,0,bob ltd,Eğlence,N
1222160,tPLAY,0,Telekabel PLC,Eğlence,N
1206320,tabii,8.1,Tabii Limited,Eğlence,N
1240288,tezeo,0,Virtuality s.r.o.,Eğlence,N
1207570,timesplay,0,Bennett Coleman Co. and Ltd.,Haber/Bilgi,N
1192975,tivimivi,6,NRG YAYINCILIK VE BILISIM HIZMETLERI LTD,Eğlence,N
1228396,trmplays,0,Bright Data,Eğlence,N
1000292,truthtv,8,TruthTV (Pty) Ltd,Eğlence,N
1206121,vDemo,0,Goose Tech,Eğlence,N
240179,valentine,5.3,(주)나비소프트,Oyunlar,N
1224120,vnc client,0,LGE,Yaşam,N
451811,warmlace,6.8,BHFM LTD,Eğlence,N
1208051,wedotv,0,Video Solutions AG,Eğlence,N
1247404,wormplay,0,wormplay,Eğlence,N
1237217,4x4 Snow Race,9.1,Omshy Inc.,Oyunlar,N
1051745,youtv,6,Platforma TV LLC,Eğlence,N
1206879,zaapTV,0,ZMA International LLC,Eğlence,N
1157004,èTV,10,Fluidstream,Yaşam,N
465455,"Большое ТВ: Фильмы, Cериалы И Телеканалы.",6.3,Bolshoe TV LLC,Eğlence,N
993784,Виват ТВ Live,7.6,vivattv,Eğlence,N
231822,НТВ,7.6,JSC NTV BROADCASTING COMPANY,Haber/Bilgi,N
1246669,ישראל היום,0,Israel Hayom TV,Haber/Bilgi,N
1202654,רשת 13,0,Reshet Media LTD,Eğlence,N
215222,2048,6.7,NGINE NETWORKS,Oyunlar,N
1164528,2048,7.8,MlvFun,Oyunlar,N
